nome_de_usuario,titulo,nota
alicelima47,O Poderoso Chefão,1.7
anabeatrizbarbosa14,Um Sonho de Liberdade,7.1
anaclaracorreia42,Batman: O Cavaleiro das Trevas,4.2
anajuliasantos39,O Senhor dos Anéis: O Retorno do Rei,9.5
analauraalmeida27,Pulp Fiction,7.5
analuizacosta14,A Lista de Schindler,1.4
anamartins52,Forrest Gump: O Contador de Histórias,3.0
antoniosilva90,A Origem,3.1
arthurgomes75,Clube da Luta,5.4
arthurmartins97,O Senhor dos Anéis: A Sociedade do Anel,9.2
beatrizoliveira47,Matrix,0.2
benjaminrodrigues97,O Resgate do Soldado Ryan,1.7
bernardopereira43,Interestelar,9.9
brenooliveira39,O Silêncio dos Inocentes,8.9
brunorocha29,Seven: Os Sete Crimes Capitais,5.5
caiopereira60,Psicose,1.0
catarinadias86,Gladiador,8.7
cauasouza38,O Rei Leão,9.3
ceciliagomes48,A Viagem de Chihiro,0.4
claricerocha81,O Lado Bom da Vida,5.7
danielmelo36,Toy Story,1.4
daviluccaalves44,O Grande Lebowski,9.5
davinogueira43,Blade Runner: O Caçador de Androides,4.1
diegobarbosa80,O Iluminado,4.9
eloahgomes65,De Volta para o Futuro,2.3
emanuellysantos17,WALL-E,4.8
emanuelpereira33,A Princesa Mononoke,1.5
enzogabrielgomes26,Cães de Aluguel,3.1
enzomartins21,O Grande Hotel Budapeste,2.6
erickaraujo70,Fargo,2.6
felipealves65,O Artista,0.2
felipesantos55,Amelie,6.1
gabrielalima33,O Fabuloso Destino de Amélie Poulain,0.3
gabrielcosta46,O Lado Negro do Coração,3.9
gabrielgoncalves30,Onde os Fracos Não Têm Vez,4.1
gusta Monteiro31,Os Suspeitos,5.0
helenacastro65,Trainspotting: Sem Limites,7.2
heloisacorreia17,O Vôo da Fênix,2.4
iangomes61,Closer: Perto Demais,0.4
isabelacardoso59,O Labirinto do Fauno,2.2
isabellyaraujo44,A Casa do Lago,3.1
isadorapereira88,Os Intocáveis,4.2
joaoalmeida99,Os Infiltrados,6.2
joaogabrielpinto48,O Exorcista,6.1
joaolucaspereira90,A Profecia,0.1
joaomigueldias66,L.A. Confidential: Cidade Proibida,10.0
joaopedrosouza85,Oldboy,7.2
joaovitoralmeida13,Casablanca,8.9
joaquimsantos13,E.T.: O Extraterrestre,0.0
juliasilva53,Brilho Eterno de uma Mente sem Lembranças,4.3
larissacunha86,A Ponte do Rio Kwai,2.4
lauracunha92,Taxi Driver,5.6
leonardocosta18,O Poderoso Chefão,3.0
liviacosta17,Um Sonho de Liberdade,4.2
lorenacardoso97,Batman: O Cavaleiro das Trevas,8.9
luccacastro84,O Senhor dos Anéis: O Retorno do Rei,1.3
luizfelipecosta58,Pulp Fiction,9.9
luizfernandooliveira60,A Lista de Schindler,6.2
luizgustavoribeiro55,Forrest Gump: O Contador de Histórias,3.7
luizhenriquecunha72,A Origem,5.8
luizmiguelalves17,Clube da Luta,8.1
luizotaviocavalcanti11,O Senhor dos Anéis: A Sociedade do Anel,1.2
manuelaoliveira79,Matrix,1.9
marcelocunha49,O Resgate do Soldado Ryan,9.4
marcosviniciuslima16,Interestelar,9.4
mariaclaracorreia28,O Silêncio dos Inocentes,6.9
mariaeduardamartins54,Seven: Os Sete Crimes Capitais,6.4
mariafernandacosta84,Psicose,6.9
mariajuliacunha80,Gladiador,6.9
marianagomes47,O Rei Leão,1.4
mariasophiaferreira93,A Viagem de Chihiro,0.1
matheuslima93,O Lado Bom da Vida,3.9
melissacavalcanti11,Toy Story,2.5
miguelribeiro94,O Grande Lebowski,7.9
miguelsilva15,Blade Runner: O Caçador de Androides,4.9
murilosantos26,O Iluminado,4.2
nathanrodrigues89,De Volta para o Futuro,7.2
nicolegoncalves64,WALL-E,0.9
oliviasantos88,A Princesa Mononoke,0.7
pedrohenriquecunha20,Cães de Aluguel,0.7
pedroribeiro71,O Grande Hotel Budapeste,0.6
rafaelacavalcanti25,Fargo,0.4
rafaelferreira38,O Artista,8.2
rebecaalves72,Amelie,5.1
ryanmelo20,O Fabuloso Destino de Amélie Poulain,9.2
samuelcosta78,O Lado Negro do Coração,9.4
samuelsoares17,Onde os Fracos Não Têm Vez,7.0
sarahalmeida85,Os Suspeitos,1.9
sergiocunha41,Trainspotting: Sem Limites,5.2
theocosta16,O Vôo da Fênix,1.0
valentinasantos39,Closer: Perto Demais,5.8
viniciusaraujo11,O Labirinto do Fauno,3.2
viniciusrodrigues24,A Casa do Lago,0.3
vitorgoncalves68,Os Intocáveis,4.4
vitoriacosta82,Os Infiltrados,0.4
yurialmeida49,O Exorcista,9.4
alicelima47,A Profecia,4.8
anabeatrizbarbosa14,L.A. Confidential: Cidade Proibida,1.9
anaclaracorreia42,Oldboy,0.8
anajuliasantos39,Casablanca,6.2
analauraalmeida27,E.T.: O Extraterrestre,0.7
analuizacosta14,Brilho Eterno de uma Mente sem Lembranças,4.3
anamartins52,A Ponte do Rio Kwai,2.9
antoniosilva90,Taxi Driver,0.9
arthurgomes75,O Poderoso Chefão,2.7
arthurmartins97,Um Sonho de Liberdade,3.0
beatrizoliveira47,Batman: O Cavaleiro das Trevas,7.7
benjaminrodrigues97,O Senhor dos Anéis: O Retorno do Rei,2.4
bernardopereira43,Pulp Fiction,8.7
brenooliveira39,A Lista de Schindler,6.7
brunorocha29,Forrest Gump: O Contador de Histórias,8.8
caiopereira60,A Origem,8.2
catarinadias86,Clube da Luta,2.0
cauasouza38,O Senhor dos Anéis: A Sociedade do Anel,4.1
ceciliagomes48,Matrix,0.7
claricerocha81,O Resgate do Soldado Ryan,6.4
danielmelo36,Interestelar,2.1
daviluccaalves44,O Silêncio dos Inocentes,6.8
davinogueira43,Seven: Os Sete Crimes Capitais,6.9
diegobarbosa80,Psicose,8.3
eloahgomes65,Gladiador,2.3
emanuellysantos17,O Rei Leão,0.2
emanuelpereira33,A Viagem de Chihiro,2.7
enzogabrielgomes26,O Lado Bom da Vida,8.1
enzomartins21,Toy Story,0.6
erickaraujo70,O Grande Lebowski,2.6
felipealves65,Blade Runner: O Caçador de Androides,4.0
felipesantos55,O Iluminado,3.2
gabrielalima33,De Volta para o Futuro,4.3
gabrielcosta46,WALL-E,2.6
gabrielgoncalves30,A Princesa Mononoke,5.2
gusta Monteiro31,Cães de Aluguel,1.8
helenacastro65,O Grande Hotel Budapeste,0.4
heloisacorreia17,Fargo,3.8
iangomes61,O Artista,9.1
isabelacardoso59,Amelie,5.1
isabellyaraujo44,O Fabuloso Destino de Amélie Poulain,5.9
isadorapereira88,O Lado Negro do Coração,5.5
joaoalmeida99,Onde os Fracos Não Têm Vez,4.7
joaogabrielpinto48,Os Suspeitos,4.3
joaolucaspereira90,Trainspotting: Sem Limites,3.3
joaomigueldias66,O Vôo da Fênix,7.4
joaopedrosouza85,Closer: Perto Demais,0.2
joaovitoralmeida13,O Labirinto do Fauno,8.8
joaquimsantos13,A Casa do Lago,3.9
juliasilva53,Os Intocáveis,7.4
larissacunha86,Os Infiltrados,2.8
lauracunha92,O Exorcista,1.3
leonardocosta18,A Profecia,0.3
liviacosta17,L.A. Confidential: Cidade Proibida,9.7
lorenacardoso97,Oldboy,1.1
luccacastro84,Casablanca,5.6
luizfelipecosta58,E.T.: O Extraterrestre,2.8
luizfernandooliveira60,Brilho Eterno de uma Mente sem Lembranças,7.8
luizgustavoribeiro55,A Ponte do Rio Kwai,6.2
luizhenriquecunha72,Taxi Driver,9.9
luizmiguelalves17,O Poderoso Chefão,7.6
luizotaviocavalcanti11,Um Sonho de Liberdade,5.6
manuelaoliveira79,Batman: O Cavaleiro das Trevas,6.8
marcelocunha49,O Senhor dos Anéis: O Retorno do Rei,7.7
marcosviniciuslima16,Pulp Fiction,3.0
mariaclaracorreia28,A Lista de Schindler,0.8
mariaeduardamartins54,Forrest Gump: O Contador de Histórias,5.8
mariafernandacosta84,A Origem,6.1
mariajuliacunha80,Clube da Luta,2.5
marianagomes47,O Senhor dos Anéis: A Sociedade do Anel,2.8
mariasophiaferreira93,Matrix,1.0
matheuslima93,O Resgate do Soldado Ryan,9.7
melissacavalcanti11,Interestelar,2.4
miguelribeiro94,O Silêncio dos Inocentes,5.1
miguelsilva15,Seven: Os Sete Crimes Capitais,9.8
murilosantos26,Psicose,6.1
nathanrodrigues89,Gladiador,5.9
nicolegoncalves64,O Rei Leão,0.2
oliviasantos88,A Viagem de Chihiro,4.9
pedrohenriquecunha20,O Lado Bom da Vida,1.9
pedroribeiro71,Toy Story,8.5
rafaelacavalcanti25,O Grande Lebowski,6.0
rafaelferreira38,Blade Runner: O Caçador de Androides,3.9
rebecaalves72,O Iluminado,5.1
ryanmelo20,De Volta para o Futuro,7.5
samuelcosta78,WALL-E,2.7
samuelsoares17,A Princesa Mononoke,4.4
sarahalmeida85,Cães de Aluguel,5.3
sergiocunha41,O Grande Hotel Budapeste,4.1
theocosta16,Fargo,7.2
valentinasantos39,O Artista,1.2
viniciusaraujo11,Amelie,8.1
viniciusrodrigues24,O Fabuloso Destino de Amélie Poulain,2.1
vitorgoncalves68,O Lado Negro do Coração,3.7
vitoriacosta82,Onde os Fracos Não Têm Vez,6.6
yurialmeida49,Os Suspeitos,2.3
alicelima47,Trainspotting: Sem Limites,0.4
anabeatrizbarbosa14,O Vôo da Fênix,1.2
anaclaracorreia42,Closer: Perto Demais,0.5
anajuliasantos39,O Labirinto do Fauno,7.9
analauraalmeida27,A Casa do Lago,0.3
analuizacosta14,Os Intocáveis,8.0
anamartins52,Os Infiltrados,7.7
antoniosilva90,O Exorcista,1.5
arthurgomes75,A Profecia,3.8
arthurmartins97,L.A. Confidential: Cidade Proibida,2.7
beatrizoliveira47,Oldboy,2.9
benjaminrodrigues97,Casablanca,2.7
bernardopereira43,E.T.: O Extraterrestre,1.7
brenooliveira39,Brilho Eterno de uma Mente sem Lembranças,7.9
brunorocha29,A Ponte do Rio Kwai,0.9
caiopereira60,Taxi Driver,8.8
catarinadias86,O Poderoso Chefão,9.8
cauasouza38,Um Sonho de Liberdade,8.3
ceciliagomes48,Batman: O Cavaleiro das Trevas,3.2
claricerocha81,O Senhor dos Anéis: O Retorno do Rei,9.1
danielmelo36,Pulp Fiction,2.5
daviluccaalves44,A Lista de Schindler,0.8
davinogueira43,Forrest Gump: O Contador de Histórias,6.1
diegobarbosa80,A Origem,0.1
eloahgomes65,Clube da Luta,4.2
emanuellysantos17,O Senhor dos Anéis: A Sociedade do Anel,1.9
emanuelpereira33,Matrix,1.3
enzogabrielgomes26,O Resgate do Soldado Ryan,9.3
enzomartins21,Interestelar,3.1
erickaraujo70,O Silêncio dos Inocentes,3.6
felipealves65,Seven: Os Sete Crimes Capitais,4.5
felipesantos55,Psicose,0.1
gabrielalima33,Gladiador,7.3
gabrielcosta46,O Rei Leão,7.6
gabrielgoncalves30,A Viagem de Chihiro,4.0
gusta Monteiro31,O Lado Bom da Vida,8.7
helenacastro65,Toy Story,7.8
heloisacorreia17,O Grande Lebowski,5.0
iangomes61,Blade Runner: O Caçador de Androides,9.8
isabelacardoso59,O Iluminado,4.4
isabellyaraujo44,De Volta para o Futuro,6.9
isadorapereira88,WALL-E,2.8
joaoalmeida99,A Princesa Mononoke,0.6
joaogabrielpinto48,Cães de Aluguel,6.6
joaolucaspereira90,O Grande Hotel Budapeste,2.0
joaomigueldias66,Fargo,2.7
joaopedrosouza85,O Artista,3.1
joaovitoralmeida13,Amelie,3.2
joaquimsantos13,O Fabuloso Destino de Amélie Poulain,8.5
juliasilva53,O Lado Negro do Coração,4.1
larissacunha86,Onde os Fracos Não Têm Vez,7.5
lauracunha92,Os Suspeitos,9.7
leonardocosta18,Trainspotting: Sem Limites,7.8
liviacosta17,O Vôo da Fênix,8.7
lorenacardoso97,Closer: Perto Demais,2.8
luccacastro84,O Labirinto do Fauno,4.9
luizfelipecosta58,A Casa do Lago,0.7
luizfernandooliveira60,Os Intocáveis,5.2
luizgustavoribeiro55,Os Infiltrados,8.7
luizhenriquecunha72,O Exorcista,2.4
luizmiguelalves17,A Profecia,6.8
luizotaviocavalcanti11,L.A. Confidential: Cidade Proibida,1.4
manuelaoliveira79,Oldboy,1.4
marcelocunha49,Casablanca,2.2
marcosviniciuslima16,E.T.: O Extraterrestre,6.6
mariaclaracorreia28,Brilho Eterno de uma Mente sem Lembranças,3.3
mariaeduardamartins54,A Ponte do Rio Kwai,1.6
mariafernandacosta84,Taxi Driver,6.1
mariajuliacunha80,O Poderoso Chefão,0.8
marianagomes47,Um Sonho de Liberdade,6.7
mariasophiaferreira93,Batman: O Cavaleiro das Trevas,3.5
matheuslima93,O Senhor dos Anéis: O Retorno do Rei,9.6
melissacavalcanti11,Pulp Fiction,3.4
miguelribeiro94,A Lista de Schindler,6.4
miguelsilva15,Forrest Gump: O Contador de Histórias,0.1
murilosantos26,A Origem,2.8
nathanrodrigues89,Clube da Luta,6.2
nicolegoncalves64,O Senhor dos Anéis: A Sociedade do Anel,2.5
oliviasantos88,Matrix,9.4
pedrohenriquecunha20,O Resgate do Soldado Ryan,3.5
pedroribeiro71,Interestelar,6.5
rafaelacavalcanti25,O Silêncio dos Inocentes,6.4
rafaelferreira38,Seven: Os Sete Crimes Capitais,4.5
rebecaalves72,Psicose,3.1
ryanmelo20,Gladiador,3.9
samuelcosta78,O Rei Leão,4.0
samuelsoares17,A Viagem de Chihiro,0.1
sarahalmeida85,O Lado Bom da Vida,10.0
sergiocunha41,Toy Story,9.9
theocosta16,O Grande Lebowski,6.9
valentinasantos39,Blade Runner: O Caçador de Androides,2.4
viniciusaraujo11,O Iluminado,9.4
viniciusrodrigues24,De Volta para o Futuro,4.3
vitorgoncalves68,WALL-E,4.3
vitoriacosta82,A Princesa Mononoke,7.0
yurialmeida49,Cães de Aluguel,1.7
alicelima47,O Grande Hotel Budapeste,6.4
anabeatrizbarbosa14,Fargo,6.7
anaclaracorreia42,O Artista,0.1
anajuliasantos39,Amelie,7.7
analauraalmeida27,O Fabuloso Destino de Amélie Poulain,0.7
analuizacosta14,O Lado Negro do Coração,3.4
anamartins52,Onde os Fracos Não Têm Vez,6.9
antoniosilva90,Os Suspeitos,5.7
arthurgomes75,Trainspotting: Sem Limites,1.3
arthurmartins97,O Vôo da Fênix,2.9
beatrizoliveira47,Closer: Perto Demais,8.8
benjaminrodrigues97,O Labirinto do Fauno,0.4
bernardopereira43,A Casa do Lago,2.9
brenooliveira39,Os Intocáveis,4.0
brunorocha29,Os Infiltrados,3.0
caiopereira60,O Exorcista,4.8
catarinadias86,A Profecia,8.2
cauasouza38,L.A. Confidential: Cidade Proibida,7.7
ceciliagomes48,Oldboy,1.3
claricerocha81,Casablanca,3.6
danielmelo36,E.T.: O Extraterrestre,0.1
daviluccaalves44,Brilho Eterno de uma Mente sem Lembranças,6.4
davinogueira43,A Ponte do Rio Kwai,9.6
diegobarbosa80,Taxi Driver,0.5
eloahgomes65,O Poderoso Chefão,2.9
emanuellysantos17,Um Sonho de Liberdade,5.1
emanuelpereira33,Batman: O Cavaleiro das Trevas,7.5
enzogabrielgomes26,O Senhor dos Anéis: O Retorno do Rei,9.0
enzomartins21,Pulp Fiction,4.1
erickaraujo70,A Lista de Schindler,8.0
felipealves65,Forrest Gump: O Contador de Histórias,5.0
felipesantos55,A Origem,9.8
gabrielalima33,Clube da Luta,9.7
gabrielcosta46,O Senhor dos Anéis: A Sociedade do Anel,0.9
gabrielgoncalves30,Matrix,6.2
gusta Monteiro31,O Resgate do Soldado Ryan,1.1
helenacastro65,Interestelar,9.1
heloisacorreia17,O Silêncio dos Inocentes,8.5
iangomes61,Seven: Os Sete Crimes Capitais,5.0
isabelacardoso59,Psicose,0.7
isabellyaraujo44,Gladiador,6.8
isadorapereira88,O Rei Leão,8.4
joaoalmeida99,A Viagem de Chihiro,1.9
joaogabrielpinto48,O Lado Bom da Vida,4.7
joaolucaspereira90,Toy Story,2.0
joaomigueldias66,O Grande Lebowski,9.9
joaopedrosouza85,Blade Runner: O Caçador de Androides,1.2
joaovitoralmeida13,O Iluminado,1.2
joaquimsantos13,De Volta para o Futuro,6.2
juliasilva53,WALL-E,8.1
larissacunha86,A Princesa Mononoke,7.0
lauracunha92,Cães de Aluguel,2.3
leonardocosta18,O Grande Hotel Budapeste,8.6
liviacosta17,Fargo,6.8
lorenacardoso97,O Artista,0.0
luccacastro84,Amelie,9.7
luizfelipecosta58,O Fabuloso Destino de Amélie Poulain,1.4
luizfernandooliveira60,O Lado Negro do Coração,8.2
luizgustavoribeiro55,Onde os Fracos Não Têm Vez,2.4
luizhenriquecunha72,Os Suspeitos,6.0
luizmiguelalves17,Trainspotting: Sem Limites,0.7
luizotaviocavalcanti11,O Vôo da Fênix,1.0
manuelaoliveira79,Closer: Perto Demais,5.2
marcelocunha49,O Labirinto do Fauno,8.2
marcosviniciuslima16,A Casa do Lago,1.2
mariaclaracorreia28,Os Intocáveis,0.6
mariaeduardamartins54,Os Infiltrados,9.5
mariafernandacosta84,O Exorcista,7.2
mariajuliacunha80,A Profecia,6.7
marianagomes47,L.A. Confidential: Cidade Proibida,1.7
mariasophiaferreira93,Oldboy,4.9
matheuslima93,Casablanca,3.4
melissacavalcanti11,E.T.: O Extraterrestre,9.3
miguelribeiro94,Brilho Eterno de uma Mente sem Lembranças,4.9
miguelsilva15,A Ponte do Rio Kwai,10.0
murilosantos26,Taxi Driver,0.2
nathanrodrigues89,O Poderoso Chefão,3.6
nicolegoncalves64,Um Sonho de Liberdade,3.3
oliviasantos88,Batman: O Cavaleiro das Trevas,8.4
pedrohenriquecunha20,O Senhor dos Anéis: O Retorno do Rei,6.9
pedroribeiro71,Pulp Fiction,2.9
rafaelacavalcanti25,A Lista de Schindler,3.9
rafaelferreira38,Forrest Gump: O Contador de Histórias,8.7
rebecaalves72,A Origem,3.4
ryanmelo20,Clube da Luta,1.8
samuelcosta78,O Senhor dos Anéis: A Sociedade do Anel,6.3
samuelsoares17,Matrix,2.0
sarahalmeida85,O Resgate do Soldado Ryan,9.9
sergiocunha41,Interestelar,2.0
theocosta16,O Silêncio dos Inocentes,4.0
valentinasantos39,Seven: Os Sete Crimes Capitais,5.4
viniciusaraujo11,Psicose,7.3
viniciusrodrigues24,Gladiador,4.2
vitorgoncalves68,O Rei Leão,9.4
vitoriacosta82,A Viagem de Chihiro,2.1
yurialmeida49,O Lado Bom da Vida,8.8
alicelima47,Toy Story,9.6
anabeatrizbarbosa14,O Grande Lebowski,9.6
anaclaracorreia42,Blade Runner: O Caçador de Androides,7.9
anajuliasantos39,O Iluminado,8.6
analauraalmeida27,De Volta para o Futuro,4.0
analuizacosta14,WALL-E,5.4
anamartins52,A Princesa Mononoke,3.1
antoniosilva90,Cães de Aluguel,3.8
arthurgomes75,O Grande Hotel Budapeste,9.3
arthurmartins97,Fargo,1.0
beatrizoliveira47,O Artista,2.9
benjaminrodrigues97,Amelie,7.4
bernardopereira43,O Fabuloso Destino de Amélie Poulain,7.4
brenooliveira39,O Lado Negro do Coração,9.3
brunorocha29,Onde os Fracos Não Têm Vez,9.3
caiopereira60,Os Suspeitos,7.9
catarinadias86,Trainspotting: Sem Limites,0.4
cauasouza38,O Vôo da Fênix,5.0
ceciliagomes48,Closer: Perto Demais,7.0
claricerocha81,O Labirinto do Fauno,1.0
danielmelo36,A Casa do Lago,0.3
daviluccaalves44,Os Intocáveis,9.9
davinogueira43,Os Infiltrados,1.5
diegobarbosa80,O Exorcista,3.0
eloahgomes65,A Profecia,6.3
emanuellysantos17,L.A. Confidential: Cidade Proibida,1.7
emanuelpereira33,Oldboy,6.6
enzogabrielgomes26,Casablanca,9.9
enzomartins21,E.T.: O Extraterrestre,1.7
erickaraujo70,Brilho Eterno de uma Mente sem Lembranças,1.7
felipealves65,A Ponte do Rio Kwai,0.2
felipesantos55,Taxi Driver,1.4
gabrielalima33,O Poderoso Chefão,7.0
gabrielcosta46,Um Sonho de Liberdade,3.0
gabrielgoncalves30,Batman: O Cavaleiro das Trevas,3.7
gusta Monteiro31,O Senhor dos Anéis: O Retorno do Rei,9.2
helenacastro65,Pulp Fiction,5.0
heloisacorreia17,A Lista de Schindler,1.1
iangomes61,Forrest Gump: O Contador de Histórias,4.8
isabelacardoso59,A Origem,5.5
isabellyaraujo44,Clube da Luta,0.8
isadorapereira88,O Senhor dos Anéis: A Sociedade do Anel,3.2
joaoalmeida99,Matrix,3.0
joaogabrielpinto48,O Resgate do Soldado Ryan,2.1
joaolucaspereira90,Interestelar,8.3
joaomigueldias66,O Silêncio dos Inocentes,1.1
joaopedrosouza85,Seven: Os Sete Crimes Capitais,6.9
joaovitoralmeida13,Psicose,6.6
joaquimsantos13,Gladiador,5.2
juliasilva53,O Rei Leão,0.1
larissacunha86,A Viagem de Chihiro,5.5
lauracunha92,O Lado Bom da Vida,1.8
leonardocosta18,Toy Story,9.2
liviacosta17,O Grande Lebowski,2.7
lorenacardoso97,Blade Runner: O Caçador de Androides,0.1
luccacastro84,O Iluminado,7.0
luizfelipecosta58,De Volta para o Futuro,0.8
luizfernandooliveira60,WALL-E,4.7
luizgustavoribeiro55,A Princesa Mononoke,6.4
luizhenriquecunha72,Cães de Aluguel,5.5
luizmiguelalves17,O Grande Hotel Budapeste,2.1
luizotaviocavalcanti11,Fargo,1.5
manuelaoliveira79,O Artista,3.9
marcelocunha49,Amelie,3.7
marcosviniciuslima16,O Fabuloso Destino de Amélie Poulain,0.4
mariaclaracorreia28,O Lado Negro do Coração,7.5
mariaeduardamartins54,Onde os Fracos Não Têm Vez,1.6
mariafernandacosta84,Os Suspeitos,6.9
mariajuliacunha80,Trainspotting: Sem Limites,8.3
marianagomes47,O Vôo da Fênix,3.9
mariasophiaferreira93,Closer: Perto Demais,0.9
matheuslima93,O Labirinto do Fauno,6.0
melissacavalcanti11,A Casa do Lago,9.5
miguelribeiro94,Os Intocáveis,8.1
miguelsilva15,Os Infiltrados,0.1
murilosantos26,O Exorcista,8.0
nathanrodrigues89,A Profecia,2.2
nicolegoncalves64,L.A. Confidential: Cidade Proibida,1.1
oliviasantos88,Oldboy,5.6
pedrohenriquecunha20,Casablanca,5.2
pedroribeiro71,E.T.: O Extraterrestre,9.7
rafaelacavalcanti25,Brilho Eterno de uma Mente sem Lembranças,2.4
rafaelferreira38,A Ponte do Rio Kwai,2.2
rebecaalves72,Taxi Driver,0.9
ryanmelo20,O Poderoso Chefão,5.1
samuelcosta78,Um Sonho de Liberdade,5.1
samuelsoares17,Batman: O Cavaleiro das Trevas,0.5
sarahalmeida85,O Senhor dos Anéis: O Retorno do Rei,8.0
sergiocunha41,Pulp Fiction,1.1
theocosta16,A Lista de Schindler,0.3
valentinasantos39,Forrest Gump: O Contador de Histórias,0.9
viniciusaraujo11,A Origem,7.2
viniciusrodrigues24,Clube da Luta,6.5
vitorgoncalves68,O Senhor dos Anéis: A Sociedade do Anel,1.9
vitoriacosta82,Matrix,1.0
yurialmeida49,O Resgate do Soldado Ryan,2.2
alicelima47,Interestelar,1.8
anabeatrizbarbosa14,O Silêncio dos Inocentes,5.9
anaclaracorreia42,Seven: Os Sete Crimes Capitais,3.1
anajuliasantos39,Psicose,0.5
analauraalmeida27,Gladiador,9.9
analuizacosta14,O Rei Leão,6.7
anamartins52,A Viagem de Chihiro,2.5
antoniosilva90,O Lado Bom da Vida,2.3
arthurgomes75,Toy Story,6.7
arthurmartins97,O Grande Lebowski,3.9
beatrizoliveira47,Blade Runner: O Caçador de Androides,1.6
benjaminrodrigues97,O Iluminado,1.3
bernardopereira43,De Volta para o Futuro,4.4
brenooliveira39,WALL-E,3.5
brunorocha29,A Princesa Mononoke,8.2
caiopereira60,Cães de Aluguel,9.8
catarinadias86,O Grande Hotel Budapeste,8.7
cauasouza38,Fargo,6.8
ceciliagomes48,O Artista,8.5
claricerocha81,Amelie,6.2
danielmelo36,O Fabuloso Destino de Amélie Poulain,4.3
daviluccaalves44,O Lado Negro do Coração,1.1
davinogueira43,Onde os Fracos Não Têm Vez,7.4
diegobarbosa80,Os Suspeitos,8.0
eloahgomes65,Trainspotting: Sem Limites,4.3
emanuellysantos17,O Vôo da Fênix,8.7
emanuelpereira33,Closer: Perto Demais,0.4
enzogabrielgomes26,O Labirinto do Fauno,0.5
enzomartins21,A Casa do Lago,3.2
erickaraujo70,Os Intocáveis,8.2
felipealves65,Os Infiltrados,5.9
felipesantos55,O Exorcista,3.5
gabrielalima33,A Profecia,2.5
gabrielcosta46,L.A. Confidential: Cidade Proibida,2.0
gabrielgoncalves30,Oldboy,9.0
gusta Monteiro31,Casablanca,7.4
helenacastro65,E.T.: O Extraterrestre,6.7
heloisacorreia17,Brilho Eterno de uma Mente sem Lembranças,1.8
iangomes61,A Ponte do Rio Kwai,1.0
isabelacardoso59,Taxi Driver,4.0
isabellyaraujo44,O Poderoso Chefão,8.7
isadorapereira88,Um Sonho de Liberdade,4.7
joaoalmeida99,Batman: O Cavaleiro das Trevas,5.8
joaogabrielpinto48,O Senhor dos Anéis: O Retorno do Rei,1.5
joaolucaspereira90,Pulp Fiction,4.6
joaomigueldias66,A Lista de Schindler,1.7
joaopedrosouza85,Forrest Gump: O Contador de Histórias,7.4
joaovitoralmeida13,A Origem,7.3
joaquimsantos13,Clube da Luta,8.5
juliasilva53,O Senhor dos Anéis: A Sociedade do Anel,7.6
larissacunha86,Matrix,7.4
lauracunha92,O Resgate do Soldado Ryan,3.2
leonardocosta18,Interestelar,4.9
liviacosta17,O Silêncio dos Inocentes,6.4
lorenacardoso97,Seven: Os Sete Crimes Capitais,1.2
luccacastro84,Psicose,8.6
luizfelipecosta58,Gladiador,1.7
luizfernandooliveira60,O Rei Leão,2.8
luizgustavoribeiro55,A Viagem de Chihiro,1.5
luizhenriquecunha72,O Lado Bom da Vida,3.5
luizmiguelalves17,Toy Story,9.8
luizotaviocavalcanti11,O Grande Lebowski,4.7
manuelaoliveira79,Blade Runner: O Caçador de Androides,8.2
marcelocunha49,O Iluminado,7.7
marcosviniciuslima16,De Volta para o Futuro,8.3
mariaclaracorreia28,WALL-E,5.2
mariaeduardamartins54,A Princesa Mononoke,8.4
mariafernandacosta84,Cães de Aluguel,7.7
mariajuliacunha80,O Grande Hotel Budapeste,1.7
marianagomes47,Fargo,8.6
mariasophiaferreira93,O Artista,4.8
matheuslima93,Amelie,9.7
melissacavalcanti11,O Fabuloso Destino de Amélie Poulain,9.8
miguelribeiro94,O Lado Negro do Coração,9.9
miguelsilva15,Onde os Fracos Não Têm Vez,0.2
murilosantos26,Os Suspeitos,6.8
nathanrodrigues89,Trainspotting: Sem Limites,8.1
nicolegoncalves64,O Vôo da Fênix,5.4
oliviasantos88,Closer: Perto Demais,7.1
pedrohenriquecunha20,O Labirinto do Fauno,6.1
pedroribeiro71,A Casa do Lago,1.2
rafaelacavalcanti25,Os Intocáveis,8.4
rafaelferreira38,Os Infiltrados,9.2
rebecaalves72,O Exorcista,7.0
ryanmelo20,A Profecia,1.7
samuelcosta78,L.A. Confidential: Cidade Proibida,6.6
samuelsoares17,Oldboy,6.6
sarahalmeida85,Casablanca,4.1
sergiocunha41,E.T.: O Extraterrestre,2.9
theocosta16,Brilho Eterno de uma Mente sem Lembranças,7.3
valentinasantos39,A Ponte do Rio Kwai,0.7
viniciusaraujo11,Taxi Driver,8.6
viniciusrodrigues24,O Poderoso Chefão,7.2
vitorgoncalves68,Um Sonho de Liberdade,3.2
vitoriacosta82,Batman: O Cavaleiro das Trevas,6.7
yurialmeida49,O Senhor dos Anéis: O Retorno do Rei,5.6
alicelima47,Pulp Fiction,4.1
anabeatrizbarbosa14,A Lista de Schindler,7.4
anaclaracorreia42,Forrest Gump: O Contador de Histórias,0.4
anajuliasantos39,A Origem,0.7
analauraalmeida27,Clube da Luta,4.9
analuizacosta14,O Senhor dos Anéis: A Sociedade do Anel,8.4
anamartins52,Matrix,8.4
antoniosilva90,O Resgate do Soldado Ryan,7.3
arthurgomes75,Interestelar,6.4
arthurmartins97,O Silêncio dos Inocentes,4.0
beatrizoliveira47,Seven: Os Sete Crimes Capitais,5.9
benjaminrodrigues97,Psicose,3.0
bernardopereira43,Gladiador,8.3
brenooliveira39,O Rei Leão,2.6
brunorocha29,A Viagem de Chihiro,6.5
caiopereira60,O Lado Bom da Vida,0.5
catarinadias86,Toy Story,3.1
cauasouza38,O Grande Lebowski,8.5
ceciliagomes48,Blade Runner: O Caçador de Androides,5.2
claricerocha81,O Iluminado,2.9
danielmelo36,De Volta para o Futuro,8.5
daviluccaalves44,WALL-E,5.1
davinogueira43,A Princesa Mononoke,4.9
diegobarbosa80,Cães de Aluguel,9.5
eloahgomes65,O Grande Hotel Budapeste,6.5
emanuellysantos17,Fargo,6.5
emanuelpereira33,O Artista,7.5
enzogabrielgomes26,Amelie,2.0
enzomartins21,O Fabuloso Destino de Amélie Poulain,9.8
erickaraujo70,O Lado Negro do Coração,1.3
felipealves65,Onde os Fracos Não Têm Vez,3.3
felipesantos55,Os Suspeitos,9.3
gabrielalima33,Trainspotting: Sem Limites,1.1
gabrielcosta46,O Vôo da Fênix,2.7
gabrielgoncalves30,Closer: Perto Demais,4.9
gusta Monteiro31,O Labirinto do Fauno,8.2
helenacastro65,A Casa do Lago,9.5
heloisacorreia17,Os Intocáveis,6.1
iangomes61,Os Infiltrados,9.6
isabelacardoso59,O Exorcista,7.7
isabellyaraujo44,A Profecia,7.7
isadorapereira88,L.A. Confidential: Cidade Proibida,6.6
joaoalmeida99,Oldboy,5.4
joaogabrielpinto48,Casablanca,6.9
joaolucaspereira90,E.T.: O Extraterrestre,2.3
joaomigueldias66,Brilho Eterno de uma Mente sem Lembranças,9.3
joaopedrosouza85,A Ponte do Rio Kwai,3.5
joaovitoralmeida13,Taxi Driver,4.3
joaquimsantos13,O Poderoso Chefão,2.9
juliasilva53,Um Sonho de Liberdade,1.8
larissacunha86,Batman: O Cavaleiro das Trevas,6.1
lauracunha92,O Senhor dos Anéis: O Retorno do Rei,8.6
leonardocosta18,Pulp Fiction,1.5
liviacosta17,A Lista de Schindler,9.0
lorenacardoso97,Forrest Gump: O Contador de Histórias,7.0
luccacastro84,A Origem,5.4
luizfelipecosta58,Clube da Luta,2.2
luizfernandooliveira60,O Senhor dos Anéis: A Sociedade do Anel,5.0
luizgustavoribeiro55,Matrix,7.0
luizhenriquecunha72,O Resgate do Soldado Ryan,4.5
luizmiguelalves17,Interestelar,3.5
luizotaviocavalcanti11,O Silêncio dos Inocentes,4.2
manuelaoliveira79,Seven: Os Sete Crimes Capitais,5.8
marcelocunha49,Psicose,4.4
marcosviniciuslima16,Gladiador,6.3
mariaclaracorreia28,O Rei Leão,7.1
mariaeduardamartins54,A Viagem de Chihiro,3.3
mariafernandacosta84,O Lado Bom da Vida,6.8
mariajuliacunha80,Toy Story,1.3
marianagomes47,O Grande Lebowski,1.2
mariasophiaferreira93,Blade Runner: O Caçador de Androides,1.3
matheuslima93,O Iluminado,9.8
melissacavalcanti11,De Volta para o Futuro,9.0
miguelribeiro94,WALL-E,7.1
miguelsilva15,A Princesa Mononoke,0.6
murilosantos26,Cães de Aluguel,0.0
nathanrodrigues89,O Grande Hotel Budapeste,0.1
nicolegoncalves64,Fargo,6.2
oliviasantos88,O Artista,9.3
pedrohenriquecunha20,Amelie,2.2
pedroribeiro71,O Fabuloso Destino de Amélie Poulain,4.2
rafaelacavalcanti25,O Lado Negro do Coração,0.3
rafaelferreira38,Onde os Fracos Não Têm Vez,2.0
rebecaalves72,Os Suspeitos,0.1
ryanmelo20,Trainspotting: Sem Limites,3.2
samuelcosta78,O Vôo da Fênix,0.0
samuelsoares17,Closer: Perto Demais,2.2
sarahalmeida85,O Labirinto do Fauno,4.4
sergiocunha41,A Casa do Lago,9.5
theocosta16,Os Intocáveis,3.0
valentinasantos39,Os Infiltrados,3.3
viniciusaraujo11,O Exorcista,1.2
viniciusrodrigues24,A Profecia,4.8
vitorgoncalves68,L.A. Confidential: Cidade Proibida,1.1
vitoriacosta82,Oldboy,0.8
yurialmeida49,Casablanca,1.6
alicelima47,E.T.: O Extraterrestre,4.3
anabeatrizbarbosa14,Brilho Eterno de uma Mente sem Lembranças,2.9
anaclaracorreia42,A Ponte do Rio Kwai,6.3
anajuliasantos39,Taxi Driver,8.9
analauraalmeida27,O Poderoso Chefão,1.5
analuizacosta14,Um Sonho de Liberdade,3.7
anamartins52,Batman: O Cavaleiro das Trevas,6.5
antoniosilva90,O Senhor dos Anéis: O Retorno do Rei,6.4
arthurgomes75,Pulp Fiction,2.2
arthurmartins97,A Lista de Schindler,9.5
beatrizoliveira47,Forrest Gump: O Contador de Histórias,2.0
benjaminrodrigues97,A Origem,5.9
bernardopereira43,Clube da Luta,0.3
brenooliveira39,O Senhor dos Anéis: A Sociedade do Anel,4.2
brunorocha29,Matrix,5.5
caiopereira60,O Resgate do Soldado Ryan,2.6
catarinadias86,Interestelar,0.8
cauasouza38,O Silêncio dos Inocentes,3.4
ceciliagomes48,Seven: Os Sete Crimes Capitais,9.4
claricerocha81,Psicose,9.9
danielmelo36,Gladiador,1.3
daviluccaalves44,O Rei Leão,2.0
davinogueira43,A Viagem de Chihiro,2.6
diegobarbosa80,O Lado Bom da Vida,1.3
eloahgomes65,Toy Story,8.7
emanuellysantos17,O Grande Lebowski,8.5
emanuelpereira33,Blade Runner: O Caçador de Androides,8.4
enzogabrielgomes26,O Iluminado,3.3
enzomartins21,De Volta para o Futuro,1.0
erickaraujo70,WALL-E,3.9
felipealves65,A Princesa Mononoke,2.9
felipesantos55,Cães de Aluguel,1.2
gabrielalima33,O Grande Hotel Budapeste,8.3
gabrielcosta46,Fargo,9.8
gabrielgoncalves30,O Artista,8.7
gusta Monteiro31,Amelie,8.0
helenacastro65,O Fabuloso Destino de Amélie Poulain,7.8
heloisacorreia17,O Lado Negro do Coração,6.8
iangomes61,Onde os Fracos Não Têm Vez,4.5
isabelacardoso59,Os Suspeitos,9.6
isabellyaraujo44,Trainspotting: Sem Limites,2.4
isadorapereira88,O Vôo da Fênix,3.7
joaoalmeida99,Closer: Perto Demais,6.3
joaogabrielpinto48,O Labirinto do Fauno,9.5
joaolucaspereira90,A Casa do Lago,2.4
joaomigueldias66,Os Intocáveis,1.9
joaopedrosouza85,Os Infiltrados,4.3
joaovitoralmeida13,O Exorcista,8.4
joaquimsantos13,A Profecia,0.9
juliasilva53,L.A. Confidential: Cidade Proibida,2.9
larissacunha86,Oldboy,2.6
lauracunha92,Casablanca,3.8
leonardocosta18,E.T.: O Extraterrestre,6.1
liviacosta17,Brilho Eterno de uma Mente sem Lembranças,4.4
lorenacardoso97,A Ponte do Rio Kwai,6.2
luccacastro84,Taxi Driver,2.4
luizfelipecosta58,O Poderoso Chefão,0.1
luizfernandooliveira60,Um Sonho de Liberdade,7.7
luizgustavoribeiro55,Batman: O Cavaleiro das Trevas,0.3
luizhenriquecunha72,O Senhor dos Anéis: O Retorno do Rei,4.9
luizmiguelalves17,Pulp Fiction,0.4
luizotaviocavalcanti11,A Lista de Schindler,9.9
manuelaoliveira79,Forrest Gump: O Contador de Histórias,9.5
marcelocunha49,A Origem,8.7
marcosviniciuslima16,Clube da Luta,1.3
mariaclaracorreia28,O Senhor dos Anéis: A Sociedade do Anel,6.9
mariaeduardamartins54,Matrix,4.5
mariafernandacosta84,O Resgate do Soldado Ryan,4.2
mariajuliacunha80,Interestelar,4.9
marianagomes47,O Silêncio dos Inocentes,5.3
mariasophiaferreira93,Seven: Os Sete Crimes Capitais,5.1
matheuslima93,Psicose,6.9
melissacavalcanti11,Gladiador,2.8
miguelribeiro94,O Rei Leão,0.0
miguelsilva15,A Viagem de Chihiro,2.6
murilosantos26,O Lado Bom da Vida,5.6
nathanrodrigues89,Toy Story,2.5
nicolegoncalves64,O Grande Lebowski,4.5
oliviasantos88,Blade Runner: O Caçador de Androides,4.1
pedrohenriquecunha20,O Iluminado,4.3
pedroribeiro71,De Volta para o Futuro,7.8
rafaelacavalcanti25,WALL-E,0.8
rafaelferreira38,A Princesa Mononoke,4.8
rebecaalves72,Cães de Aluguel,7.1
ryanmelo20,O Grande Hotel Budapeste,3.4
samuelcosta78,Fargo,9.6
samuelsoares17,O Artista,4.4
sarahalmeida85,Amelie,0.1
sergiocunha41,O Fabuloso Destino de Amélie Poulain,0.5
theocosta16,O Lado Negro do Coração,5.8
valentinasantos39,Onde os Fracos Não Têm Vez,4.0
viniciusaraujo11,Os Suspeitos,6.3
viniciusrodrigues24,Trainspotting: Sem Limites,9.0
vitorgoncalves68,O Vôo da Fênix,2.4
vitoriacosta82,Closer: Perto Demais,2.5
yurialmeida49,O Labirinto do Fauno,4.8
alicelima47,A Casa do Lago,5.8
anabeatrizbarbosa14,Os Intocáveis,1.2
anaclaracorreia42,Os Infiltrados,1.7
anajuliasantos39,O Exorcista,8.5
analauraalmeida27,A Profecia,8.2
analuizacosta14,L.A. Confidential: Cidade Proibida,4.4
anamartins52,Oldboy,7.7
antoniosilva90,Casablanca,0.4
arthurgomes75,E.T.: O Extraterrestre,3.1
arthurmartins97,Brilho Eterno de uma Mente sem Lembranças,2.8
beatrizoliveira47,A Ponte do Rio Kwai,1.3
benjaminrodrigues97,Taxi Driver,3.6
bernardopereira43,O Poderoso Chefão,4.1
brenooliveira39,Um Sonho de Liberdade,8.2
brunorocha29,Batman: O Cavaleiro das Trevas,0.2
caiopereira60,O Senhor dos Anéis: O Retorno do Rei,0.7
catarinadias86,Pulp Fiction,4.8
cauasouza38,A Lista de Schindler,10.0
ceciliagomes48,Forrest Gump: O Contador de Histórias,3.4
claricerocha81,A Origem,10.0
danielmelo36,Clube da Luta,0.8
daviluccaalves44,O Senhor dos Anéis: A Sociedade do Anel,0.9
davinogueira43,Matrix,3.9
diegobarbosa80,O Resgate do Soldado Ryan,2.8
eloahgomes65,Interestelar,8.5
emanuellysantos17,O Silêncio dos Inocentes,1.0
emanuelpereira33,Seven: Os Sete Crimes Capitais,6.0
enzogabrielgomes26,Psicose,9.1
enzomartins21,Gladiador,7.1
erickaraujo70,O Rei Leão,0.7
felipealves65,A Viagem de Chihiro,6.9
felipesantos55,O Lado Bom da Vida,0.6
gabrielalima33,Toy Story,4.1
gabrielcosta46,O Grande Lebowski,3.1
gabrielgoncalves30,Blade Runner: O Caçador de Androides,7.3
gusta Monteiro31,O Iluminado,5.8
helenacastro65,De Volta para o Futuro,6.3
heloisacorreia17,WALL-E,6.3
iangomes61,A Princesa Mononoke,2.5
isabelacardoso59,Cães de Aluguel,8.4
isabellyaraujo44,O Grande Hotel Budapeste,3.6
isadorapereira88,Fargo,6.2
joaoalmeida99,O Artista,8.4
joaogabrielpinto48,Amelie,3.6
joaolucaspereira90,O Fabuloso Destino de Amélie Poulain,2.3
joaomigueldias66,O Lado Negro do Coração,10.0
joaopedrosouza85,Onde os Fracos Não Têm Vez,10.0
joaovitoralmeida13,Os Suspeitos,4.8
joaquimsantos13,Trainspotting: Sem Limites,1.6
juliasilva53,O Vôo da Fênix,0.1
larissacunha86,Closer: Perto Demais,3.8
lauracunha92,O Labirinto do Fauno,2.7
leonardocosta18,A Casa do Lago,1.3
liviacosta17,Os Intocáveis,7.8
lorenacardoso97,Os Infiltrados,8.8
luccacastro84,O Exorcista,8.8
luizfelipecosta58,A Profecia,0.8
luizfernandooliveira60,L.A. Confidential: Cidade Proibida,0.8
luizgustavoribeiro55,Oldboy,0.5
luizhenriquecunha72,Casablanca,4.3
luizmiguelalves17,E.T.: O Extraterrestre,4.4
luizotaviocavalcanti11,Brilho Eterno de uma Mente sem Lembranças,1.1
manuelaoliveira79,A Ponte do Rio Kwai,1.6
marcelocunha49,Taxi Driver,0.9
marcosviniciuslima16,O Poderoso Chefão,6.2
mariaclaracorreia28,Um Sonho de Liberdade,5.7
mariaeduardamartins54,Batman: O Cavaleiro das Trevas,3.3
mariafernandacosta84,O Senhor dos Anéis: O Retorno do Rei,0.5
mariajuliacunha80,Pulp Fiction,1.4
marianagomes47,A Lista de Schindler,9.4
mariasophiaferreira93,Forrest Gump: O Contador de Histórias,0.1
matheuslima93,A Origem,2.8
melissacavalcanti11,Clube da Luta,6.6
miguelribeiro94,O Senhor dos Anéis: A Sociedade do Anel,3.7
miguelsilva15,Matrix,8.5
murilosantos26,O Resgate do Soldado Ryan,7.7
nathanrodrigues89,Interestelar,2.7
nicolegoncalves64,O Silêncio dos Inocentes,0.3
oliviasantos88,Seven: Os Sete Crimes Capitais,5.1
pedrohenriquecunha20,Psicose,9.1
pedroribeiro71,Gladiador,0.4
rafaelacavalcanti25,O Rei Leão,2.0
rafaelferreira38,A Viagem de Chihiro,0.3
rebecaalves72,O Lado Bom da Vida,6.6
ryanmelo20,Toy Story,5.4
samuelcosta78,O Grande Lebowski,1.5
samuelsoares17,Blade Runner: O Caçador de Androides,5.8
sarahalmeida85,O Iluminado,8.8
sergiocunha41,De Volta para o Futuro,7.4
theocosta16,WALL-E,2.0
valentinasantos39,A Princesa Mononoke,4.0
viniciusaraujo11,Cães de Aluguel,7.9
viniciusrodrigues24,O Grande Hotel Budapeste,0.1
vitorgoncalves68,Fargo,8.5
vitoriacosta82,O Artista,9.9
yurialmeida49,Amelie,0.4
alicelima47,O Fabuloso Destino de Amélie Poulain,4.0
anabeatrizbarbosa14,O Lado Negro do Coração,8.8
anaclaracorreia42,Onde os Fracos Não Têm Vez,4.1
anajuliasantos39,Os Suspeitos,0.6
analauraalmeida27,Trainspotting: Sem Limites,7.3
analuizacosta14,O Vôo da Fênix,2.8
anamartins52,Closer: Perto Demais,1.9
antoniosilva90,O Labirinto do Fauno,5.6
arthurgomes75,A Casa do Lago,4.6
arthurmartins97,Os Intocáveis,7.2
beatrizoliveira47,Os Infiltrados,1.8
benjaminrodrigues97,O Exorcista,0.3
bernardopereira43,A Profecia,8.3
brenooliveira39,L.A. Confidential: Cidade Proibida,7.8
brunorocha29,Oldboy,9.7
caiopereira60,Casablanca,9.4
catarinadias86,E.T.: O Extraterrestre,6.7
cauasouza38,Brilho Eterno de uma Mente sem Lembranças,8.4
ceciliagomes48,A Ponte do Rio Kwai,3.3
claricerocha81,Taxi Driver,7.1
danielmelo36,O Poderoso Chefão,7.2
daviluccaalves44,Um Sonho de Liberdade,3.4
davinogueira43,Batman: O Cavaleiro das Trevas,0.4
diegobarbosa80,O Senhor dos Anéis: O Retorno do Rei,7.3
eloahgomes65,Pulp Fiction,4.4
emanuellysantos17,A Lista de Schindler,1.7
emanuelpereira33,Forrest Gump: O Contador de Histórias,4.1
enzogabrielgomes26,A Origem,6.1
enzomartins21,Clube da Luta,3.1
erickaraujo70,O Senhor dos Anéis: A Sociedade do Anel,6.0
felipealves65,Matrix,3.3
felipesantos55,O Resgate do Soldado Ryan,7.6
gabrielalima33,Interestelar,9.9
gabrielcosta46,O Silêncio dos Inocentes,3.4
gabrielgoncalves30,Seven: Os Sete Crimes Capitais,2.9
gusta Monteiro31,Psicose,4.5
helenacastro65,Gladiador,0.2
heloisacorreia17,O Rei Leão,7.6
iangomes61,A Viagem de Chihiro,7.7
isabelacardoso59,O Lado Bom da Vida,9.9
isabellyaraujo44,Toy Story,10.0
isadorapereira88,O Grande Lebowski,3.5
joaoalmeida99,Blade Runner: O Caçador de Androides,9.1
joaogabrielpinto48,O Iluminado,3.6
joaolucaspereira90,De Volta para o Futuro,3.1
joaomigueldias66,WALL-E,8.5
joaopedrosouza85,A Princesa Mononoke,3.6
joaovitoralmeida13,Cães de Aluguel,3.9
joaquimsantos13,O Grande Hotel Budapeste,8.8
juliasilva53,Fargo,2.9
larissacunha86,O Artista,3.5
lauracunha92,Amelie,8.7
leonardocosta18,O Fabuloso Destino de Amélie Poulain,2.4
liviacosta17,O Lado Negro do Coração,3.9
lorenacardoso97,Onde os Fracos Não Têm Vez,8.4
luccacastro84,Os Suspeitos,5.0
luizfelipecosta58,Trainspotting: Sem Limites,0.5
luizfernandooliveira60,O Vôo da Fênix,4.2
luizgustavoribeiro55,Closer: Perto Demais,4.8
luizhenriquecunha72,O Labirinto do Fauno,9.5
luizmiguelalves17,A Casa do Lago,8.9
luizotaviocavalcanti11,Os Intocáveis,2.1
manuelaoliveira79,Os Infiltrados,6.4
marcelocunha49,O Exorcista,8.9
marcosviniciuslima16,A Profecia,8.9
mariaclaracorreia28,L.A. Confidential: Cidade Proibida,3.8
mariaeduardamartins54,Oldboy,3.0
mariafernandacosta84,Casablanca,1.3
mariajuliacunha80,E.T.: O Extraterrestre,6.6
marianagomes47,Brilho Eterno de uma Mente sem Lembranças,1.0
mariasophiaferreira93,A Ponte do Rio Kwai,2.7
matheuslima93,Taxi Driver,2.4
melissacavalcanti11,O Poderoso Chefão,8.6
miguelribeiro94,Um Sonho de Liberdade,3.3
miguelsilva15,Batman: O Cavaleiro das Trevas,4.4
murilosantos26,O Senhor dos Anéis: O Retorno do Rei,3.1
nathanrodrigues89,Pulp Fiction,2.1
nicolegoncalves64,A Lista de Schindler,0.7
oliviasantos88,Forrest Gump: O Contador de Histórias,4.6
pedrohenriquecunha20,A Origem,9.8
pedroribeiro71,Clube da Luta,0.3
rafaelacavalcanti25,O Senhor dos Anéis: A Sociedade do Anel,6.7
rafaelferreira38,Matrix,8.1
rebecaalves72,O Resgate do Soldado Ryan,3.1
ryanmelo20,Interestelar,7.9
samuelcosta78,O Silêncio dos Inocentes,3.8
samuelsoares17,Seven: Os Sete Crimes Capitais,7.6
sarahalmeida85,Psicose,1.1
sergiocunha41,Gladiador,1.5
theocosta16,O Rei Leão,0.6
valentinasantos39,A Viagem de Chihiro,4.4
viniciusaraujo11,O Lado Bom da Vida,0.0
viniciusrodrigues24,Toy Story,2.3
vitorgoncalves68,O Grande Lebowski,1.4
vitoriacosta82,Blade Runner: O Caçador de Androides,9.3
yurialmeida49,O Iluminado,6.1
alicelima47,De Volta para o Futuro,8.9
anabeatrizbarbosa14,WALL-E,1.4
anaclaracorreia42,A Princesa Mononoke,7.1
anajuliasantos39,Cães de Aluguel,7.0
analauraalmeida27,O Grande Hotel Budapeste,6.2
analuizacosta14,Fargo,5.2
anamartins52,O Artista,9.2
antoniosilva90,Amelie,0.8
arthurgomes75,O Fabuloso Destino de Amélie Poulain,5.5
arthurmartins97,O Lado Negro do Coração,5.2
beatrizoliveira47,Onde os Fracos Não Têm Vez,6.6
benjaminrodrigues97,Os Suspeitos,3.5
bernardopereira43,Trainspotting: Sem Limites,8.3
brenooliveira39,O Vôo da Fênix,7.1
brunorocha29,Closer: Perto Demais,2.8
caiopereira60,O Labirinto do Fauno,5.3
catarinadias86,A Casa do Lago,1.0
cauasouza38,Os Intocáveis,2.6
ceciliagomes48,Os Infiltrados,5.9
claricerocha81,O Exorcista,6.9
danielmelo36,A Profecia,3.2
daviluccaalves44,L.A. Confidential: Cidade Proibida,6.5
davinogueira43,Oldboy,6.0
diegobarbosa80,Casablanca,3.4
eloahgomes65,E.T.: O Extraterrestre,2.5
emanuellysantos17,Brilho Eterno de uma Mente sem Lembranças,4.8
emanuelpereira33,A Ponte do Rio Kwai,3.0
enzogabrielgomes26,Taxi Driver,5.0
enzomartins21,O Poderoso Chefão,2.7
erickaraujo70,Um Sonho de Liberdade,5.7
felipealves65,Batman: O Cavaleiro das Trevas,7.7
felipesantos55,O Senhor dos Anéis: O Retorno do Rei,8.8
gabrielalima33,Pulp Fiction,5.5
gabrielcosta46,A Lista de Schindler,2.4
gabrielgoncalves30,Forrest Gump: O Contador de Histórias,7.0
gusta Monteiro31,A Origem,0.5
helenacastro65,Clube da Luta,3.8
heloisacorreia17,O Senhor dos Anéis: A Sociedade do Anel,4.3
iangomes61,Matrix,4.5
isabelacardoso59,O Resgate do Soldado Ryan,3.2
isabellyaraujo44,Interestelar,4.9
isadorapereira88,O Silêncio dos Inocentes,1.0
joaoalmeida99,Seven: Os Sete Crimes Capitais,4.4
joaogabrielpinto48,Psicose,4.6
joaolucaspereira90,Gladiador,4.1
joaomigueldias66,O Rei Leão,2.4
joaopedrosouza85,A Viagem de Chihiro,0.3
joaovitoralmeida13,O Lado Bom da Vida,4.7
joaquimsantos13,Toy Story,9.8
juliasilva53,O Grande Lebowski,0.5
larissacunha86,Blade Runner: O Caçador de Androides,5.4
lauracunha92,O Iluminado,2.6
leonardocosta18,De Volta para o Futuro,2.0
liviacosta17,WALL-E,1.9
lorenacardoso97,A Princesa Mononoke,5.5
luccacastro84,Cães de Aluguel,6.5
luizfelipecosta58,O Grande Hotel Budapeste,3.1
luizfernandooliveira60,Fargo,4.9
luizgustavoribeiro55,O Artista,3.0
luizhenriquecunha72,Amelie,8.5
luizmiguelalves17,O Fabuloso Destino de Amélie Poulain,9.9
luizotaviocavalcanti11,O Lado Negro do Coração,0.3
manuelaoliveira79,Onde os Fracos Não Têm Vez,4.9
marcelocunha49,Os Suspeitos,3.0
marcosviniciuslima16,Trainspotting: Sem Limites,8.1
mariaclaracorreia28,O Vôo da Fênix,3.3
mariaeduardamartins54,Closer: Perto Demais,3.6
mariafernandacosta84,O Labirinto do Fauno,4.9
mariajuliacunha80,A Casa do Lago,9.9
marianagomes47,Os Intocáveis,5.4
mariasophiaferreira93,Os Infiltrados,6.7
matheuslima93,O Exorcista,6.4
melissacavalcanti11,A Profecia,5.1
miguelribeiro94,L.A. Confidential: Cidade Proibida,4.0
miguelsilva15,Oldboy,8.6
murilosantos26,Casablanca,0.8
nathanrodrigues89,E.T.: O Extraterrestre,1.5
nicolegoncalves64,Brilho Eterno de uma Mente sem Lembranças,4.6
oliviasantos88,A Ponte do Rio Kwai,5.9
pedrohenriquecunha20,Taxi Driver,1.0
pedroribeiro71,O Poderoso Chefão,7.1
rafaelacavalcanti25,Um Sonho de Liberdade,8.1
rafaelferreira38,Batman: O Cavaleiro das Trevas,9.2
rebecaalves72,O Senhor dos Anéis: O Retorno do Rei,7.9
ryanmelo20,Pulp Fiction,5.6
samuelcosta78,A Lista de Schindler,4.9
samuelsoares17,Forrest Gump: O Contador de Histórias,4.6
sarahalmeida85,A Origem,8.5
sergiocunha41,Clube da Luta,1.6
theocosta16,O Senhor dos Anéis: A Sociedade do Anel,9.3
valentinasantos39,Matrix,0.4
viniciusaraujo11,O Resgate do Soldado Ryan,5.7
viniciusrodrigues24,Interestelar,5.7
vitorgoncalves68,O Silêncio dos Inocentes,0.2
vitoriacosta82,Seven: Os Sete Crimes Capitais,3.9
yurialmeida49,Psicose,0.8
alicelima47,Gladiador,7.9
anabeatrizbarbosa14,O Rei Leão,1.1
anaclaracorreia42,A Viagem de Chihiro,5.2
anajuliasantos39,O Lado Bom da Vida,5.0
analauraalmeida27,Toy Story,8.4
analuizacosta14,O Grande Lebowski,5.7
anamartins52,Blade Runner: O Caçador de Androides,2.1
antoniosilva90,O Iluminado,9.8
arthurgomes75,De Volta para o Futuro,1.0
arthurmartins97,WALL-E,2.5
beatrizoliveira47,A Princesa Mononoke,6.0
benjaminrodrigues97,Cães de Aluguel,8.2
bernardopereira43,O Grande Hotel Budapeste,0.6
brenooliveira39,Fargo,8.4
brunorocha29,O Artista,7.3
caiopereira60,Amelie,0.6
catarinadias86,O Fabuloso Destino de Amélie Poulain,7.4
cauasouza38,O Lado Negro do Coração,7.3
ceciliagomes48,Onde os Fracos Não Têm Vez,6.3
claricerocha81,Os Suspeitos,0.3
danielmelo36,Trainspotting: Sem Limites,8.5
daviluccaalves44,O Vôo da Fênix,8.5
davinogueira43,Closer: Perto Demais,7.1
diegobarbosa80,O Labirinto do Fauno,5.2
eloahgomes65,A Casa do Lago,3.9
emanuellysantos17,Os Intocáveis,0.7
emanuelpereira33,Os Infiltrados,5.4
enzogabrielgomes26,O Exorcista,0.8
enzomartins21,A Profecia,0.9
erickaraujo70,L.A. Confidential: Cidade Proibida,3.4
felipealves65,Oldboy,7.1
felipesantos55,Casablanca,8.4
gabrielalima33,E.T.: O Extraterrestre,5.2
gabrielcosta46,Brilho Eterno de uma Mente sem Lembranças,7.0
gabrielgoncalves30,A Ponte do Rio Kwai,2.8
gusta Monteiro31,Taxi Driver,8.2
helenacastro65,O Poderoso Chefão,5.5
heloisacorreia17,Um Sonho de Liberdade,7.2
iangomes61,Batman: O Cavaleiro das Trevas,9.6
isabelacardoso59,O Senhor dos Anéis: O Retorno do Rei,4.4
isabellyaraujo44,Pulp Fiction,3.0
isadorapereira88,A Lista de Schindler,1.6
joaoalmeida99,Forrest Gump: O Contador de Histórias,3.5
joaogabrielpinto48,A Origem,5.8
joaolucaspereira90,Clube da Luta,8.8
joaomigueldias66,O Senhor dos Anéis: A Sociedade do Anel,6.0
joaopedrosouza85,Matrix,5.3
joaovitoralmeida13,O Resgate do Soldado Ryan,3.7
joaquimsantos13,Interestelar,9.9
juliasilva53,O Silêncio dos Inocentes,9.7
larissacunha86,Seven: Os Sete Crimes Capitais,9.7
lauracunha92,Psicose,2.0
leonardocosta18,Gladiador,4.2
liviacosta17,O Rei Leão,2.4
lorenacardoso97,A Viagem de Chihiro,4.4
luccacastro84,O Lado Bom da Vida,2.4
luizfelipecosta58,Toy Story,5.1
luizfernandooliveira60,O Grande Lebowski,8.5
luizgustavoribeiro55,Blade Runner: O Caçador de Androides,1.7
luizhenriquecunha72,O Iluminado,7.5
luizmiguelalves17,De Volta para o Futuro,0.6
luizotaviocavalcanti11,WALL-E,7.4
manuelaoliveira79,A Princesa Mononoke,5.0
marcelocunha49,Cães de Aluguel,7.8
marcosviniciuslima16,O Grande Hotel Budapeste,4.5
mariaclaracorreia28,Fargo,4.5
mariaeduardamartins54,O Artista,1.9
mariafernandacosta84,Amelie,4.6
mariajuliacunha80,O Fabuloso Destino de Amélie Poulain,6.7
marianagomes47,O Lado Negro do Coração,5.4
mariasophiaferreira93,Onde os Fracos Não Têm Vez,0.4
matheuslima93,Os Suspeitos,1.7
melissacavalcanti11,Trainspotting: Sem Limites,4.3
miguelribeiro94,O Vôo da Fênix,7.8
miguelsilva15,Closer: Perto Demais,0.8
murilosantos26,O Labirinto do Fauno,1.7
nathanrodrigues89,A Casa do Lago,8.0
nicolegoncalves64,Os Intocáveis,8.4
oliviasantos88,Os Infiltrados,1.1
pedrohenriquecunha20,O Exorcista,7.2
pedroribeiro71,A Profecia,0.6
rafaelacavalcanti25,L.A. Confidential: Cidade Proibida,9.0
rafaelferreira38,Oldboy,2.4
rebecaalves72,Casablanca,2.0
ryanmelo20,E.T.: O Extraterrestre,3.0
samuelcosta78,Brilho Eterno de uma Mente sem Lembranças,1.8
samuelsoares17,A Ponte do Rio Kwai,4.2
sarahalmeida85,Taxi Driver,4.5
sergiocunha41,O Poderoso Chefão,3.3
theocosta16,Um Sonho de Liberdade,0.2
valentinasantos39,Batman: O Cavaleiro das Trevas,7.0
viniciusaraujo11,O Senhor dos Anéis: O Retorno do Rei,1.2
viniciusrodrigues24,Pulp Fiction,9.8
vitorgoncalves68,A Lista de Schindler,3.2
vitoriacosta82,Forrest Gump: O Contador de Histórias,8.8
yurialmeida49,A Origem,4.8
alicelima47,Clube da Luta,9.7
anabeatrizbarbosa14,O Senhor dos Anéis: A Sociedade do Anel,0.1
anaclaracorreia42,Matrix,0.6
anajuliasantos39,O Resgate do Soldado Ryan,1.0
analauraalmeida27,Interestelar,4.3
analuizacosta14,O Silêncio dos Inocentes,0.5
anamartins52,Seven: Os Sete Crimes Capitais,9.0
antoniosilva90,Psicose,0.6
arthurgomes75,Gladiador,5.1
arthurmartins97,O Rei Leão,0.5
beatrizoliveira47,A Viagem de Chihiro,8.1
benjaminrodrigues97,O Lado Bom da Vida,3.4
bernardopereira43,Toy Story,8.3
brenooliveira39,O Grande Lebowski,8.0
brunorocha29,Blade Runner: O Caçador de Androides,7.8
caiopereira60,O Iluminado,6.7
catarinadias86,De Volta para o Futuro,5.4
cauasouza38,WALL-E,4.1
ceciliagomes48,A Princesa Mononoke,1.2
claricerocha81,Cães de Aluguel,9.8
danielmelo36,O Grande Hotel Budapeste,1.1
daviluccaalves44,Fargo,8.5
davinogueira43,O Artista,1.5
diegobarbosa80,Amelie,9.7
eloahgomes65,O Fabuloso Destino de Amélie Poulain,6.9
emanuellysantos17,O Lado Negro do Coração,8.6
emanuelpereira33,Onde os Fracos Não Têm Vez,9.9
enzogabrielgomes26,Os Suspeitos,0.8
enzomartins21,Trainspotting: Sem Limites,1.4
erickaraujo70,O Vôo da Fênix,6.5
felipealves65,Closer: Perto Demais,0.1
felipesantos55,O Labirinto do Fauno,8.7
gabrielalima33,A Casa do Lago,3.6
gabrielcosta46,Os Intocáveis,9.2
gabrielgoncalves30,Os Infiltrados,1.3
gusta Monteiro31,O Exorcista,7.4
helenacastro65,A Profecia,8.5
heloisacorreia17,L.A. Confidential: Cidade Proibida,0.6
iangomes61,Oldboy,0.6
isabelacardoso59,Casablanca,5.8
isabellyaraujo44,E.T.: O Extraterrestre,5.9
isadorapereira88,Brilho Eterno de uma Mente sem Lembranças,4.0
joaoalmeida99,A Ponte do Rio Kwai,3.5
joaogabrielpinto48,Taxi Driver,9.9
joaolucaspereira90,O Poderoso Chefão,2.4
joaomigueldias66,Um Sonho de Liberdade,9.6
joaopedrosouza85,Batman: O Cavaleiro das Trevas,3.3
joaovitoralmeida13,O Senhor dos Anéis: O Retorno do Rei,5.6
joaquimsantos13,Pulp Fiction,3.0
juliasilva53,A Lista de Schindler,8.3
larissacunha86,Forrest Gump: O Contador de Histórias,9.4
lauracunha92,A Origem,2.3
leonardocosta18,Clube da Luta,9.6
liviacosta17,O Senhor dos Anéis: A Sociedade do Anel,9.3
lorenacardoso97,Matrix,9.9
luccacastro84,O Resgate do Soldado Ryan,8.6
luizfelipecosta58,Interestelar,4.5
luizfernandooliveira60,O Silêncio dos Inocentes,3.5
luizgustavoribeiro55,Seven: Os Sete Crimes Capitais,1.2
luizhenriquecunha72,Psicose,2.6
luizmiguelalves17,Gladiador,1.3
luizotaviocavalcanti11,O Rei Leão,1.5
manuelaoliveira79,A Viagem de Chihiro,7.8
marcelocunha49,O Lado Bom da Vida,1.6
marcosviniciuslima16,Toy Story,8.2
mariaclaracorreia28,O Grande Lebowski,0.0
mariaeduardamartins54,Blade Runner: O Caçador de Androides,6.2
mariafernandacosta84,O Iluminado,2.2
mariajuliacunha80,De Volta para o Futuro,5.4
marianagomes47,WALL-E,2.4
mariasophiaferreira93,A Princesa Mononoke,8.6
matheuslima93,Cães de Aluguel,8.7
melissacavalcanti11,O Grande Hotel Budapeste,9.2
miguelribeiro94,Fargo,2.0
miguelsilva15,O Artista,3.3
murilosantos26,Amelie,8.2
nathanrodrigues89,O Fabuloso Destino de Amélie Poulain,9.8
nicolegoncalves64,O Lado Negro do Coração,2.0
oliviasantos88,Onde os Fracos Não Têm Vez,7.4
pedrohenriquecunha20,Os Suspeitos,6.4
pedroribeiro71,Trainspotting: Sem Limites,4.1
rafaelacavalcanti25,O Vôo da Fênix,5.6
rafaelferreira38,Closer: Perto Demais,9.5
rebecaalves72,O Labirinto do Fauno,2.0
ryanmelo20,A Casa do Lago,9.2
samuelcosta78,Os Intocáveis,9.7
samuelsoares17,Os Infiltrados,3.9
sarahalmeida85,O Exorcista,8.3
sergiocunha41,A Profecia,9.0
theocosta16,L.A. Confidential: Cidade Proibida,6.0
valentinasantos39,Oldboy,8.7
viniciusaraujo11,Casablanca,9.8
viniciusrodrigues24,E.T.: O Extraterrestre,2.4
vitorgoncalves68,Brilho Eterno de uma Mente sem Lembranças,4.8
vitoriacosta82,A Ponte do Rio Kwai,8.6
yurialmeida49,Taxi Driver,9.3
alicelima47,O Poderoso Chefão,2.6
anabeatrizbarbosa14,Um Sonho de Liberdade,4.4
anaclaracorreia42,Batman: O Cavaleiro das Trevas,4.0
anajuliasantos39,O Senhor dos Anéis: O Retorno do Rei,10.0
analauraalmeida27,Pulp Fiction,2.1
analuizacosta14,A Lista de Schindler,1.3
anamartins52,Forrest Gump: O Contador de Histórias,0.3
antoniosilva90,A Origem,8.9
arthurgomes75,Clube da Luta,2.7
arthurmartins97,O Senhor dos Anéis: A Sociedade do Anel,3.5
beatrizoliveira47,Matrix,7.8
benjaminrodrigues97,O Resgate do Soldado Ryan,5.9
bernardopereira43,Interestelar,4.0
brenooliveira39,O Silêncio dos Inocentes,7.5
brunorocha29,Seven: Os Sete Crimes Capitais,3.4
caiopereira60,Psicose,10.0
catarinadias86,Gladiador,8.9
cauasouza38,O Rei Leão,5.8
ceciliagomes48,A Viagem de Chihiro,8.6
claricerocha81,O Lado Bom da Vida,2.2
danielmelo36,Toy Story,6.4
daviluccaalves44,O Grande Lebowski,4.1
davinogueira43,Blade Runner: O Caçador de Androides,7.2
diegobarbosa80,O Iluminado,3.7
eloahgomes65,De Volta para o Futuro,6.1
emanuellysantos17,WALL-E,4.3
emanuelpereira33,A Princesa Mononoke,2.1
enzogabrielgomes26,Cães de Aluguel,0.8
enzomartins21,O Grande Hotel Budapeste,7.8
erickaraujo70,Fargo,8.7
felipealves65,O Artista,6.0
felipesantos55,Amelie,2.6
gabrielalima33,O Fabuloso Destino de Amélie Poulain,7.9
gabrielcosta46,O Lado Negro do Coração,5.0
gabrielgoncalves30,Onde os Fracos Não Têm Vez,9.1
gusta Monteiro31,Os Suspeitos,9.4
helenacastro65,Trainspotting: Sem Limites,8.7
heloisacorreia17,O Vôo da Fênix,4.7
iangomes61,Closer: Perto Demais,5.9
isabelacardoso59,O Labirinto do Fauno,0.2
isabellyaraujo44,A Casa do Lago,7.1
isadorapereira88,Os Intocáveis,2.9
joaoalmeida99,Os Infiltrados,7.3
joaogabrielpinto48,O Exorcista,8.4
joaolucaspereira90,A Profecia,5.9
joaomigueldias66,L.A. Confidential: Cidade Proibida,9.1
joaopedrosouza85,Oldboy,3.9
joaovitoralmeida13,Casablanca,6.1
joaquimsantos13,E.T.: O Extraterrestre,4.2
juliasilva53,Brilho Eterno de uma Mente sem Lembranças,0.7
larissacunha86,A Ponte do Rio Kwai,6.6
lauracunha92,Taxi Driver,6.5
leonardocosta18,O Poderoso Chefão,8.5
liviacosta17,Um Sonho de Liberdade,1.8
lorenacardoso97,Batman: O Cavaleiro das Trevas,6.4
luccacastro84,O Senhor dos Anéis: O Retorno do Rei,1.4
luizfelipecosta58,Pulp Fiction,1.8
luizfernandooliveira60,A Lista de Schindler,6.6
luizgustavoribeiro55,Forrest Gump: O Contador de Histórias,0.1
luizhenriquecunha72,A Origem,2.6
luizmiguelalves17,Clube da Luta,2.9
luizotaviocavalcanti11,O Senhor dos Anéis: A Sociedade do Anel,0.3
manuelaoliveira79,Matrix,2.3
marcelocunha49,O Resgate do Soldado Ryan,9.9
marcosviniciuslima16,Interestelar,0.7
mariaclaracorreia28,O Silêncio dos Inocentes,4.7
mariaeduardamartins54,Seven: Os Sete Crimes Capitais,8.6
mariafernandacosta84,Psicose,8.0
mariajuliacunha80,Gladiador,9.0
marianagomes47,O Rei Leão,8.8
mariasophiaferreira93,A Viagem de Chihiro,5.2
matheuslima93,O Lado Bom da Vida,0.7
melissacavalcanti11,Toy Story,3.9
miguelribeiro94,O Grande Lebowski,2.5
miguelsilva15,Blade Runner: O Caçador de Androides,3.4
murilosantos26,O Iluminado,6.3
nathanrodrigues89,De Volta para o Futuro,9.3
nicolegoncalves64,WALL-E,1.9
oliviasantos88,A Princesa Mononoke,5.9
pedrohenriquecunha20,Cães de Aluguel,3.5
pedroribeiro71,O Grande Hotel Budapeste,9.9
rafaelacavalcanti25,Fargo,7.6
rafaelferreira38,O Artista,1.0
rebecaalves72,Amelie,8.3
ryanmelo20,O Fabuloso Destino de Amélie Poulain,4.4
samuelcosta78,O Lado Negro do Coração,3.8
samuelsoares17,Onde os Fracos Não Têm Vez,3.3
sarahalmeida85,Os Suspeitos,1.2
sergiocunha41,Trainspotting: Sem Limites,8.7
theocosta16,O Vôo da Fênix,1.0
valentinasantos39,Closer: Perto Demais,2.4
viniciusaraujo11,O Labirinto do Fauno,4.9
viniciusrodrigues24,A Casa do Lago,8.7
vitorgoncalves68,Os Intocáveis,4.4
vitoriacosta82,Os Infiltrados,8.5
yurialmeida49,O Exorcista,2.5
alicelima47,A Profecia,7.7
anabeatrizbarbosa14,L.A. Confidential: Cidade Proibida,6.9
anaclaracorreia42,Oldboy,7.6
anajuliasantos39,Casablanca,5.2
analauraalmeida27,E.T.: O Extraterrestre,9.2
analuizacosta14,Brilho Eterno de uma Mente sem Lembranças,6.2
anamartins52,A Ponte do Rio Kwai,9.3
antoniosilva90,Taxi Driver,2.5
arthurgomes75,O Poderoso Chefão,4.9
arthurmartins97,Um Sonho de Liberdade,0.2
beatrizoliveira47,Batman: O Cavaleiro das Trevas,6.9
benjaminrodrigues97,O Senhor dos Anéis: O Retorno do Rei,1.7
bernardopereira43,Pulp Fiction,9.9
brenooliveira39,A Lista de Schindler,8.1
brunorocha29,Forrest Gump: O Contador de Histórias,1.3
caiopereira60,A Origem,3.1
catarinadias86,Clube da Luta,7.8
cauasouza38,O Senhor dos Anéis: A Sociedade do Anel,6.4
ceciliagomes48,Matrix,9.3
claricerocha81,O Resgate do Soldado Ryan,1.8
danielmelo36,Interestelar,6.7
daviluccaalves44,O Silêncio dos Inocentes,0.1
davinogueira43,Seven: Os Sete Crimes Capitais,1.4
diegobarbosa80,Psicose,4.9
eloahgomes65,Gladiador,6.9
emanuellysantos17,O Rei Leão,1.8
emanuelpereira33,A Viagem de Chihiro,5.8
enzogabrielgomes26,O Lado Bom da Vida,9.5
enzomartins21,Toy Story,6.3
erickaraujo70,O Grande Lebowski,3.6
felipealves65,Blade Runner: O Caçador de Androides,1.4
felipesantos55,O Iluminado,8.3
gabrielalima33,De Volta para o Futuro,3.3
gabrielcosta46,WALL-E,6.2
gabrielgoncalves30,A Princesa Mononoke,5.1
gusta Monteiro31,Cães de Aluguel,4.7
helenacastro65,O Grande Hotel Budapeste,5.5
heloisacorreia17,Fargo,9.9
iangomes61,O Artista,6.4
isabelacardoso59,Amelie,1.3
isabellyaraujo44,O Fabuloso Destino de Amélie Poulain,0.2
isadorapereira88,O Lado Negro do Coração,7.4
joaoalmeida99,Onde os Fracos Não Têm Vez,5.7
joaogabrielpinto48,Os Suspeitos,5.2
joaolucaspereira90,Trainspotting: Sem Limites,0.8
joaomigueldias66,O Vôo da Fênix,7.6
joaopedrosouza85,Closer: Perto Demais,8.1
joaovitoralmeida13,O Labirinto do Fauno,7.3
joaquimsantos13,A Casa do Lago,9.7
juliasilva53,Os Intocáveis,5.7
larissacunha86,Os Infiltrados,1.2
lauracunha92,O Exorcista,9.9
leonardocosta18,A Profecia,9.1
liviacosta17,L.A. Confidential: Cidade Proibida,8.5
lorenacardoso97,Oldboy,5.9
luccacastro84,Casablanca,3.2
luizfelipecosta58,E.T.: O Extraterrestre,5.2
luizfernandooliveira60,Brilho Eterno de uma Mente sem Lembranças,7.6
luizgustavoribeiro55,A Ponte do Rio Kwai,5.8
luizhenriquecunha72,Taxi Driver,8.4
luizmiguelalves17,O Poderoso Chefão,5.6
luizotaviocavalcanti11,Um Sonho de Liberdade,2.6
manuelaoliveira79,Batman: O Cavaleiro das Trevas,9.4
marcelocunha49,O Senhor dos Anéis: O Retorno do Rei,7.5
marcosviniciuslima16,Pulp Fiction,3.5
mariaclaracorreia28,A Lista de Schindler,1.6
mariaeduardamartins54,Forrest Gump: O Contador de Histórias,9.0
mariafernandacosta84,A Origem,8.9
mariajuliacunha80,Clube da Luta,9.5
marianagomes47,O Senhor dos Anéis: A Sociedade do Anel,4.7
mariasophiaferreira93,Matrix,1.9
matheuslima93,O Resgate do Soldado Ryan,6.4
melissacavalcanti11,Interestelar,1.8
miguelribeiro94,O Silêncio dos Inocentes,8.1
miguelsilva15,Seven: Os Sete Crimes Capitais,9.4
murilosantos26,Psicose,0.6
nathanrodrigues89,Gladiador,4.7
nicolegoncalves64,O Rei Leão,3.9
oliviasantos88,A Viagem de Chihiro,7.1
pedrohenriquecunha20,O Lado Bom da Vida,6.5
pedroribeiro71,Toy Story,6.7
rafaelacavalcanti25,O Grande Lebowski,0.4
rafaelferreira38,Blade Runner: O Caçador de Androides,2.1
rebecaalves72,O Iluminado,7.0
ryanmelo20,De Volta para o Futuro,0.2
samuelcosta78,WALL-E,2.6
samuelsoares17,A Princesa Mononoke,6.6
sarahalmeida85,Cães de Aluguel,9.6
sergiocunha41,O Grande Hotel Budapeste,9.2
theocosta16,Fargo,4.0
valentinasantos39,O Artista,4.2
viniciusaraujo11,Amelie,9.4
viniciusrodrigues24,O Fabuloso Destino de Amélie Poulain,9.9
vitorgoncalves68,O Lado Negro do Coração,8.9
vitoriacosta82,Onde os Fracos Não Têm Vez,6.0
yurialmeida49,Os Suspeitos,6.7
alicelima47,Trainspotting: Sem Limites,1.9
anabeatrizbarbosa14,O Vôo da Fênix,6.7
anaclaracorreia42,Closer: Perto Demais,6.8
anajuliasantos39,O Labirinto do Fauno,1.6
analauraalmeida27,A Casa do Lago,6.7
analuizacosta14,Os Intocáveis,8.5
anamartins52,Os Infiltrados,0.0
antoniosilva90,O Exorcista,7.4
arthurgomes75,A Profecia,0.2
arthurmartins97,L.A. Confidential: Cidade Proibida,3.5
beatrizoliveira47,Oldboy,5.2
benjaminrodrigues97,Casablanca,9.5
bernardopereira43,E.T.: O Extraterrestre,5.1
brenooliveira39,Brilho Eterno de uma Mente sem Lembranças,3.5
brunorocha29,A Ponte do Rio Kwai,2.2
caiopereira60,Taxi Driver,9.4
catarinadias86,O Poderoso Chefão,7.9
cauasouza38,Um Sonho de Liberdade,3.4
ceciliagomes48,Batman: O Cavaleiro das Trevas,8.9
claricerocha81,O Senhor dos Anéis: O Retorno do Rei,4.4
danielmelo36,Pulp Fiction,2.2
daviluccaalves44,A Lista de Schindler,4.0
davinogueira43,Forrest Gump: O Contador de Histórias,6.1
diegobarbosa80,A Origem,3.0
eloahgomes65,Clube da Luta,0.5
emanuellysantos17,O Senhor dos Anéis: A Sociedade do Anel,0.0
emanuelpereira33,Matrix,6.7
enzogabrielgomes26,O Resgate do Soldado Ryan,4.9
enzomartins21,Interestelar,4.4
erickaraujo70,O Silêncio dos Inocentes,4.2
felipealves65,Seven: Os Sete Crimes Capitais,9.7
felipesantos55,Psicose,7.6
gabrielalima33,Gladiador,6.4
gabrielcosta46,O Rei Leão,8.1
gabrielgoncalves30,A Viagem de Chihiro,4.4
gusta Monteiro31,O Lado Bom da Vida,9.2
helenacastro65,Toy Story,2.0
heloisacorreia17,O Grande Lebowski,2.4
iangomes61,Blade Runner: O Caçador de Androides,4.8
isabelacardoso59,O Iluminado,4.9
isabellyaraujo44,De Volta para o Futuro,9.6
isadorapereira88,WALL-E,3.8
joaoalmeida99,A Princesa Mononoke,6.7
joaogabrielpinto48,Cães de Aluguel,4.9
joaolucaspereira90,O Grande Hotel Budapeste,7.8
joaomigueldias66,Fargo,7.0
joaopedrosouza85,O Artista,8.0
joaovitoralmeida13,Amelie,9.9
joaquimsantos13,O Fabuloso Destino de Amélie Poulain,9.6
juliasilva53,O Lado Negro do Coração,3.7
larissacunha86,Onde os Fracos Não Têm Vez,6.6
lauracunha92,Os Suspeitos,9.5
leonardocosta18,Trainspotting: Sem Limites,3.3
liviacosta17,O Vôo da Fênix,7.9
lorenacardoso97,Closer: Perto Demais,0.9
luccacastro84,O Labirinto do Fauno,9.3
luizfelipecosta58,A Casa do Lago,7.8
luizfernandooliveira60,Os Intocáveis,2.7
luizgustavoribeiro55,Os Infiltrados,2.8
luizhenriquecunha72,O Exorcista,1.1
luizmiguelalves17,A Profecia,4.2
luizotaviocavalcanti11,L.A. Confidential: Cidade Proibida,3.3
manuelaoliveira79,Oldboy,9.5
marcelocunha49,Casablanca,1.5
marcosviniciuslima16,E.T.: O Extraterrestre,5.7
mariaclaracorreia28,Brilho Eterno de uma Mente sem Lembranças,4.6
mariaeduardamartins54,A Ponte do Rio Kwai,1.6
mariafernandacosta84,Taxi Driver,3.0
mariajuliacunha80,O Poderoso Chefão,0.5
marianagomes47,Um Sonho de Liberdade,9.6
mariasophiaferreira93,Batman: O Cavaleiro das Trevas,5.8
matheuslima93,O Senhor dos Anéis: O Retorno do Rei,6.6
melissacavalcanti11,Pulp Fiction,7.9
miguelribeiro94,A Lista de Schindler,7.4
miguelsilva15,Forrest Gump: O Contador de Histórias,3.3
murilosantos26,A Origem,7.8
nathanrodrigues89,Clube da Luta,1.6
nicolegoncalves64,O Senhor dos Anéis: A Sociedade do Anel,3.5
oliviasantos88,Matrix,5.3
pedrohenriquecunha20,O Resgate do Soldado Ryan,0.8
pedroribeiro71,Interestelar,3.5
rafaelacavalcanti25,O Silêncio dos Inocentes,1.7
rafaelferreira38,Seven: Os Sete Crimes Capitais,1.4
rebecaalves72,Psicose,7.1
ryanmelo20,Gladiador,9.9
samuelcosta78,O Rei Leão,8.7
samuelsoares17,A Viagem de Chihiro,0.3
sarahalmeida85,O Lado Bom da Vida,9.2
sergiocunha41,Toy Story,7.7
theocosta16,O Grande Lebowski,8.5
valentinasantos39,Blade Runner: O Caçador de Androides,6.7
viniciusaraujo11,O Iluminado,0.7
viniciusrodrigues24,De Volta para o Futuro,8.0
vitorgoncalves68,WALL-E,5.7
vitoriacosta82,A Princesa Mononoke,3.5
yurialmeida49,Cães de Aluguel,0.7
alicelima47,O Grande Hotel Budapeste,5.0
anabeatrizbarbosa14,Fargo,8.0
anaclaracorreia42,O Artista,8.6
anajuliasantos39,Amelie,6.5
analauraalmeida27,O Fabuloso Destino de Amélie Poulain,9.6
analuizacosta14,O Lado Negro do Coração,9.7
anamartins52,Onde os Fracos Não Têm Vez,8.4
antoniosilva90,Os Suspeitos,1.6
arthurgomes75,Trainspotting: Sem Limites,3.2
arthurmartins97,O Vôo da Fênix,5.3
beatrizoliveira47,Closer: Perto Demais,0.5
benjaminrodrigues97,O Labirinto do Fauno,6.0
bernardopereira43,A Casa do Lago,3.7
brenooliveira39,Os Intocáveis,4.8
brunorocha29,Os Infiltrados,3.7
caiopereira60,O Exorcista,4.6
catarinadias86,A Profecia,1.2
cauasouza38,L.A. Confidential: Cidade Proibida,3.6
ceciliagomes48,Oldboy,9.7
claricerocha81,Casablanca,2.3
danielmelo36,E.T.: O Extraterrestre,9.5
daviluccaalves44,Brilho Eterno de uma Mente sem Lembranças,3.9
davinogueira43,A Ponte do Rio Kwai,3.1
diegobarbosa80,Taxi Driver,8.4
eloahgomes65,O Poderoso Chefão,6.7
emanuellysantos17,Um Sonho de Liberdade,3.6
emanuelpereira33,Batman: O Cavaleiro das Trevas,7.4
enzogabrielgomes26,O Senhor dos Anéis: O Retorno do Rei,9.6
enzomartins21,Pulp Fiction,3.9
erickaraujo70,A Lista de Schindler,3.1
felipealves65,Forrest Gump: O Contador de Histórias,7.9
felipesantos55,A Origem,4.7
gabrielalima33,Clube da Luta,7.7
gabrielcosta46,O Senhor dos Anéis: A Sociedade do Anel,3.3
gabrielgoncalves30,Matrix,9.5
gusta Monteiro31,O Resgate do Soldado Ryan,6.6
helenacastro65,Interestelar,3.2
heloisacorreia17,O Silêncio dos Inocentes,6.1
iangomes61,Seven: Os Sete Crimes Capitais,5.1
isabelacardoso59,Psicose,8.6
isabellyaraujo44,Gladiador,8.8
isadorapereira88,O Rei Leão,6.1
joaoalmeida99,A Viagem de Chihiro,6.0
joaogabrielpinto48,O Lado Bom da Vida,0.2
joaolucaspereira90,Toy Story,9.3
joaomigueldias66,O Grande Lebowski,7.3
joaopedrosouza85,Blade Runner: O Caçador de Androides,3.4
joaovitoralmeida13,O Iluminado,1.9
joaquimsantos13,De Volta para o Futuro,2.2
juliasilva53,WALL-E,5.8
larissacunha86,A Princesa Mononoke,2.2
lauracunha92,Cães de Aluguel,5.2
leonardocosta18,O Grande Hotel Budapeste,2.6
liviacosta17,Fargo,2.0
lorenacardoso97,O Artista,9.4
luccacastro84,Amelie,6.8
luizfelipecosta58,O Fabuloso Destino de Amélie Poulain,2.1
luizfernandooliveira60,O Lado Negro do Coração,9.9
luizgustavoribeiro55,Onde os Fracos Não Têm Vez,7.8
luizhenriquecunha72,Os Suspeitos,1.6
luizmiguelalves17,Trainspotting: Sem Limites,5.7
luizotaviocavalcanti11,O Vôo da Fênix,6.2
manuelaoliveira79,Closer: Perto Demais,9.8
marcelocunha49,O Labirinto do Fauno,5.3
marcosviniciuslima16,A Casa do Lago,6.3
mariaclaracorreia28,Os Intocáveis,6.8
mariaeduardamartins54,Os Infiltrados,7.4
mariafernandacosta84,O Exorcista,4.7
mariajuliacunha80,A Profecia,4.6
marianagomes47,L.A. Confidential: Cidade Proibida,2.5
mariasophiaferreira93,Oldboy,1.1
matheuslima93,Casablanca,8.2
melissacavalcanti11,E.T.: O Extraterrestre,3.3
miguelribeiro94,Brilho Eterno de uma Mente sem Lembranças,7.7
miguelsilva15,A Ponte do Rio Kwai,0.7
murilosantos26,Taxi Driver,8.6
nathanrodrigues89,O Poderoso Chefão,8.1
nicolegoncalves64,Um Sonho de Liberdade,8.0
oliviasantos88,Batman: O Cavaleiro das Trevas,9.0
pedrohenriquecunha20,O Senhor dos Anéis: O Retorno do Rei,7.6
pedroribeiro71,Pulp Fiction,6.6
rafaelacavalcanti25,A Lista de Schindler,9.2
rafaelferreira38,Forrest Gump: O Contador de Histórias,4.1
rebecaalves72,A Origem,4.3
ryanmelo20,Clube da Luta,9.8
samuelcosta78,O Senhor dos Anéis: A Sociedade do Anel,7.4
samuelsoares17,Matrix,8.3
sarahalmeida85,O Resgate do Soldado Ryan,9.5
sergiocunha41,Interestelar,1.8
theocosta16,O Silêncio dos Inocentes,7.5
valentinasantos39,Seven: Os Sete Crimes Capitais,1.7
viniciusaraujo11,Psicose,4.6
viniciusrodrigues24,Gladiador,8.5
vitorgoncalves68,O Rei Leão,2.4
vitoriacosta82,A Viagem de Chihiro,4.7
yurialmeida49,O Lado Bom da Vida,3.6
alicelima47,Toy Story,1.7
anabeatrizbarbosa14,O Grande Lebowski,6.3
anaclaracorreia42,Blade Runner: O Caçador de Androides,3.6
anajuliasantos39,O Iluminado,4.9
analauraalmeida27,De Volta para o Futuro,6.7
analuizacosta14,WALL-E,2.8
anamartins52,A Princesa Mononoke,4.4
antoniosilva90,Cães de Aluguel,0.2
arthurgomes75,O Grande Hotel Budapeste,5.6
arthurmartins97,Fargo,6.8
beatrizoliveira47,O Artista,9.3
benjaminrodrigues97,Amelie,6.4
bernardopereira43,O Fabuloso Destino de Amélie Poulain,1.4
brenooliveira39,O Lado Negro do Coração,0.0
brunorocha29,Onde os Fracos Não Têm Vez,1.2
caiopereira60,Os Suspeitos,0.4
catarinadias86,Trainspotting: Sem Limites,8.6
cauasouza38,O Vôo da Fênix,7.7
ceciliagomes48,Closer: Perto Demais,3.7
claricerocha81,O Labirinto do Fauno,9.3
danielmelo36,A Casa do Lago,7.3
daviluccaalves44,Os Intocáveis,3.6
davinogueira43,Os Infiltrados,6.8
diegobarbosa80,O Exorcista,1.4
eloahgomes65,A Profecia,6.5
emanuellysantos17,L.A. Confidential: Cidade Proibida,5.1
emanuelpereira33,Oldboy,1.0
enzogabrielgomes26,Casablanca,6.0
enzomartins21,E.T.: O Extraterrestre,8.6
erickaraujo70,Brilho Eterno de uma Mente sem Lembranças,9.7
felipealves65,A Ponte do Rio Kwai,6.9
felipesantos55,Taxi Driver,9.3
gabrielalima33,O Poderoso Chefão,6.3
gabrielcosta46,Um Sonho de Liberdade,3.8
gabrielgoncalves30,Batman: O Cavaleiro das Trevas,0.6
gusta Monteiro31,O Senhor dos Anéis: O Retorno do Rei,5.2
helenacastro65,Pulp Fiction,8.4
heloisacorreia17,A Lista de Schindler,8.1
iangomes61,Forrest Gump: O Contador de Histórias,6.0
isabelacardoso59,A Origem,2.5
isabellyaraujo44,Clube da Luta,9.3
isadorapereira88,O Senhor dos Anéis: A Sociedade do Anel,9.9
joaoalmeida99,Matrix,5.1
joaogabrielpinto48,O Resgate do Soldado Ryan,7.1
joaolucaspereira90,Interestelar,3.6
joaomigueldias66,O Silêncio dos Inocentes,9.0
joaopedrosouza85,Seven: Os Sete Crimes Capitais,2.0
joaovitoralmeida13,Psicose,9.9
joaquimsantos13,Gladiador,7.0
juliasilva53,O Rei Leão,9.1
larissacunha86,A Viagem de Chihiro,8.2
lauracunha92,O Lado Bom da Vida,0.8
leonardocosta18,Toy Story,4.6
liviacosta17,O Grande Lebowski,7.8
lorenacardoso97,Blade Runner: O Caçador de Androides,8.2
luccacastro84,O Iluminado,3.6
luizfelipecosta58,De Volta para o Futuro,7.2
luizfernandooliveira60,WALL-E,1.2
luizgustavoribeiro55,A Princesa Mononoke,5.8
luizhenriquecunha72,Cães de Aluguel,3.4
luizmiguelalves17,O Grande Hotel Budapeste,5.7
luizotaviocavalcanti11,Fargo,8.4
manuelaoliveira79,O Artista,5.0
marcelocunha49,Amelie,6.3
marcosviniciuslima16,O Fabuloso Destino de Amélie Poulain,1.6
mariaclaracorreia28,O Lado Negro do Coração,9.6
mariaeduardamartins54,Onde os Fracos Não Têm Vez,3.1
mariafernandacosta84,Os Suspeitos,4.8
mariajuliacunha80,Trainspotting: Sem Limites,7.4
marianagomes47,O Vôo da Fênix,6.8
mariasophiaferreira93,Closer: Perto Demais,1.2
matheuslima93,O Labirinto do Fauno,2.8
melissacavalcanti11,A Casa do Lago,4.1
miguelribeiro94,Os Intocáveis,3.5
miguelsilva15,Os Infiltrados,2.5
murilosantos26,O Exorcista,7.8
nathanrodrigues89,A Profecia,9.4
nicolegoncalves64,L.A. Confidential: Cidade Proibida,4.4
oliviasantos88,Oldboy,3.9
pedrohenriquecunha20,Casablanca,3.7
pedroribeiro71,E.T.: O Extraterrestre,1.1
rafaelacavalcanti25,Brilho Eterno de uma Mente sem Lembranças,3.7
rafaelferreira38,A Ponte do Rio Kwai,5.1
rebecaalves72,Taxi Driver,7.4
ryanmelo20,O Poderoso Chefão,1.7
samuelcosta78,Um Sonho de Liberdade,6.3
samuelsoares17,Batman: O Cavaleiro das Trevas,2.5
sarahalmeida85,O Senhor dos Anéis: O Retorno do Rei,2.2
sergiocunha41,Pulp Fiction,8.5
theocosta16,A Lista de Schindler,3.7
valentinasantos39,Forrest Gump: O Contador de Histórias,8.3
viniciusaraujo11,A Origem,9.1
viniciusrodrigues24,Clube da Luta,1.9
vitorgoncalves68,O Senhor dos Anéis: A Sociedade do Anel,0.6
vitoriacosta82,Matrix,3.4
yurialmeida49,O Resgate do Soldado Ryan,3.5
alicelima47,Interestelar,7.9
anabeatrizbarbosa14,O Silêncio dos Inocentes,8.0
anaclaracorreia42,Seven: Os Sete Crimes Capitais,8.2
anajuliasantos39,Psicose,9.9
analauraalmeida27,Gladiador,5.7
analuizacosta14,O Rei Leão,1.8
anamartins52,A Viagem de Chihiro,0.0
antoniosilva90,O Lado Bom da Vida,8.7
arthurgomes75,Toy Story,2.7
arthurmartins97,O Grande Lebowski,8.0
beatrizoliveira47,Blade Runner: O Caçador de Androides,2.5
benjaminrodrigues97,O Iluminado,0.2
bernardopereira43,De Volta para o Futuro,6.8
brenooliveira39,WALL-E,0.0
brunorocha29,A Princesa Mononoke,6.9
caiopereira60,Cães de Aluguel,3.1
catarinadias86,O Grande Hotel Budapeste,0.7
cauasouza38,Fargo,9.2
ceciliagomes48,O Artista,9.7
claricerocha81,Amelie,5.9
danielmelo36,O Fabuloso Destino de Amélie Poulain,0.9
daviluccaalves44,O Lado Negro do Coração,5.3
davinogueira43,Onde os Fracos Não Têm Vez,8.8
diegobarbosa80,Os Suspeitos,7.4
eloahgomes65,Trainspotting: Sem Limites,0.9
emanuellysantos17,O Vôo da Fênix,0.3
emanuelpereira33,Closer: Perto Demais,9.3
enzogabrielgomes26,O Labirinto do Fauno,5.2
enzomartins21,A Casa do Lago,4.7
erickaraujo70,Os Intocáveis,8.4
felipealves65,Os Infiltrados,1.2
felipesantos55,O Exorcista,2.0
gabrielalima33,A Profecia,8.2
gabrielcosta46,L.A. Confidential: Cidade Proibida,1.9
gabrielgoncalves30,Oldboy,7.2
gusta Monteiro31,Casablanca,2.5
helenacastro65,E.T.: O Extraterrestre,9.8
heloisacorreia17,Brilho Eterno de uma Mente sem Lembranças,0.1
iangomes61,A Ponte do Rio Kwai,4.3
isabelacardoso59,Taxi Driver,3.4
isabellyaraujo44,O Poderoso Chefão,6.9
isadorapereira88,Um Sonho de Liberdade,3.9
joaoalmeida99,Batman: O Cavaleiro das Trevas,2.2
joaogabrielpinto48,O Senhor dos Anéis: O Retorno do Rei,5.5
joaolucaspereira90,Pulp Fiction,0.6
joaomigueldias66,A Lista de Schindler,8.3
joaopedrosouza85,Forrest Gump: O Contador de Histórias,1.5
joaovitoralmeida13,A Origem,1.9
joaquimsantos13,Clube da Luta,9.5
juliasilva53,O Senhor dos Anéis: A Sociedade do Anel,7.6
larissacunha86,Matrix,7.6
lauracunha92,O Resgate do Soldado Ryan,3.9
leonardocosta18,Interestelar,5.9
liviacosta17,O Silêncio dos Inocentes,4.2
lorenacardoso97,Seven: Os Sete Crimes Capitais,0.6
luccacastro84,Psicose,0.4
luizfelipecosta58,Gladiador,6.7
luizfernandooliveira60,O Rei Leão,1.2
luizgustavoribeiro55,A Viagem de Chihiro,3.4
luizhenriquecunha72,O Lado Bom da Vida,10.0
luizmiguelalves17,Toy Story,2.8
luizotaviocavalcanti11,O Grande Lebowski,0.1
manuelaoliveira79,Blade Runner: O Caçador de Androides,9.0
marcelocunha49,O Iluminado,4.3
marcosviniciuslima16,De Volta para o Futuro,9.7
mariaclaracorreia28,WALL-E,8.4
mariaeduardamartins54,A Princesa Mononoke,1.1
mariafernandacosta84,Cães de Aluguel,4.7
mariajuliacunha80,O Grande Hotel Budapeste,8.2
marianagomes47,Fargo,1.8
mariasophiaferreira93,O Artista,5.5
matheuslima93,Amelie,4.5
melissacavalcanti11,O Fabuloso Destino de Amélie Poulain,8.7
miguelribeiro94,O Lado Negro do Coração,2.2
miguelsilva15,Onde os Fracos Não Têm Vez,5.1
murilosantos26,Os Suspeitos,5.3
nathanrodrigues89,Trainspotting: Sem Limites,4.9
nicolegoncalves64,O Vôo da Fênix,3.5
oliviasantos88,Closer: Perto Demais,4.4
pedrohenriquecunha20,O Labirinto do Fauno,2.4
pedroribeiro71,A Casa do Lago,9.2
rafaelacavalcanti25,Os Intocáveis,3.4
rafaelferreira38,Os Infiltrados,0.2
rebecaalves72,O Exorcista,10.0
ryanmelo20,A Profecia,3.1
samuelcosta78,L.A. Confidential: Cidade Proibida,6.5
samuelsoares17,Oldboy,4.7
sarahalmeida85,Casablanca,8.2
sergiocunha41,E.T.: O Extraterrestre,2.9
theocosta16,Brilho Eterno de uma Mente sem Lembranças,5.4
valentinasantos39,A Ponte do Rio Kwai,8.3
viniciusaraujo11,Taxi Driver,1.2
viniciusrodrigues24,O Poderoso Chefão,2.7
vitorgoncalves68,Um Sonho de Liberdade,0.3
vitoriacosta82,Batman: O Cavaleiro das Trevas,4.6
yurialmeida49,O Senhor dos Anéis: O Retorno do Rei,0.7
alicelima47,Pulp Fiction,1.1
anabeatrizbarbosa14,A Lista de Schindler,5.7
anaclaracorreia42,Forrest Gump: O Contador de Histórias,6.8
anajuliasantos39,A Origem,9.8
analauraalmeida27,Clube da Luta,7.7
analuizacosta14,O Senhor dos Anéis: A Sociedade do Anel,4.2
anamartins52,Matrix,5.0
antoniosilva90,O Resgate do Soldado Ryan,0.6
arthurgomes75,Interestelar,2.6
arthurmartins97,O Silêncio dos Inocentes,0.3
beatrizoliveira47,Seven: Os Sete Crimes Capitais,5.6
benjaminrodrigues97,Psicose,4.1
bernardopereira43,Gladiador,5.5
brenooliveira39,O Rei Leão,7.5
brunorocha29,A Viagem de Chihiro,7.3
caiopereira60,O Lado Bom da Vida,5.1
catarinadias86,Toy Story,6.5
cauasouza38,O Grande Lebowski,6.6
ceciliagomes48,Blade Runner: O Caçador de Androides,2.7
claricerocha81,O Iluminado,6.4
danielmelo36,De Volta para o Futuro,2.5
daviluccaalves44,WALL-E,1.3
davinogueira43,A Princesa Mononoke,0.8
diegobarbosa80,Cães de Aluguel,5.6
eloahgomes65,O Grande Hotel Budapeste,0.4
emanuellysantos17,Fargo,3.5
emanuelpereira33,O Artista,6.7
enzogabrielgomes26,Amelie,1.8
enzomartins21,O Fabuloso Destino de Amélie Poulain,3.7
erickaraujo70,O Lado Negro do Coração,4.7
felipealves65,Onde os Fracos Não Têm Vez,4.9
felipesantos55,Os Suspeitos,4.9
gabrielalima33,Trainspotting: Sem Limites,8.6
gabrielcosta46,O Vôo da Fênix,8.7
gabrielgoncalves30,Closer: Perto Demais,1.8
gusta Monteiro31,O Labirinto do Fauno,2.9
helenacastro65,A Casa do Lago,0.1
heloisacorreia17,Os Intocáveis,9.7
iangomes61,Os Infiltrados,6.3
isabelacardoso59,O Exorcista,8.6
isabellyaraujo44,A Profecia,8.2
isadorapereira88,L.A. Confidential: Cidade Proibida,9.6
joaoalmeida99,Oldboy,8.6
joaogabrielpinto48,Casablanca,8.8
joaolucaspereira90,E.T.: O Extraterrestre,0.6
joaomigueldias66,Brilho Eterno de uma Mente sem Lembranças,5.1
joaopedrosouza85,A Ponte do Rio Kwai,5.3
joaovitoralmeida13,Taxi Driver,4.8
joaquimsantos13,O Poderoso Chefão,1.6
juliasilva53,Um Sonho de Liberdade,7.8
larissacunha86,Batman: O Cavaleiro das Trevas,1.1
lauracunha92,O Senhor dos Anéis: O Retorno do Rei,9.7
leonardocosta18,Pulp Fiction,0.1
liviacosta17,A Lista de Schindler,5.6
lorenacardoso97,Forrest Gump: O Contador de Histórias,2.0
luccacastro84,A Origem,6.8
luizfelipecosta58,Clube da Luta,1.4
luizfernandooliveira60,O Senhor dos Anéis: A Sociedade do Anel,0.9
luizgustavoribeiro55,Matrix,1.1
luizhenriquecunha72,O Resgate do Soldado Ryan,2.1
luizmiguelalves17,Interestelar,0.2
luizotaviocavalcanti11,O Silêncio dos Inocentes,2.9
manuelaoliveira79,Seven: Os Sete Crimes Capitais,3.3
marcelocunha49,Psicose,0.1
marcosviniciuslima16,Gladiador,10.0
mariaclaracorreia28,O Rei Leão,4.3
mariaeduardamartins54,A Viagem de Chihiro,0.7
mariafernandacosta84,O Lado Bom da Vida,4.3
mariajuliacunha80,Toy Story,6.8
marianagomes47,O Grande Lebowski,9.0
mariasophiaferreira93,Blade Runner: O Caçador de Androides,1.9
matheuslima93,O Iluminado,4.1
melissacavalcanti11,De Volta para o Futuro,7.0
miguelribeiro94,WALL-E,8.3
miguelsilva15,A Princesa Mononoke,5.9
murilosantos26,Cães de Aluguel,3.7
nathanrodrigues89,O Grande Hotel Budapeste,7.7
nicolegoncalves64,Fargo,5.9
oliviasantos88,O Artista,2.5
pedrohenriquecunha20,Amelie,4.8
pedroribeiro71,O Fabuloso Destino de Amélie Poulain,7.6
rafaelacavalcanti25,O Lado Negro do Coração,6.3
rafaelferreira38,Onde os Fracos Não Têm Vez,1.9
rebecaalves72,Os Suspeitos,2.1
ryanmelo20,Trainspotting: Sem Limites,3.7
samuelcosta78,O Vôo da Fênix,0.8
samuelsoares17,Closer: Perto Demais,9.8
sarahalmeida85,O Labirinto do Fauno,8.4
sergiocunha41,A Casa do Lago,2.6
theocosta16,Os Intocáveis,8.2
valentinasantos39,Os Infiltrados,0.5
viniciusaraujo11,O Exorcista,5.0
viniciusrodrigues24,A Profecia,5.3
vitorgoncalves68,L.A. Confidential: Cidade Proibida,1.0
vitoriacosta82,Oldboy,2.0
yurialmeida49,Casablanca,5.0
alicelima47,E.T.: O Extraterrestre,0.0
anabeatrizbarbosa14,Brilho Eterno de uma Mente sem Lembranças,6.4
anaclaracorreia42,A Ponte do Rio Kwai,3.6
anajuliasantos39,Taxi Driver,3.1
analauraalmeida27,O Poderoso Chefão,7.7
analuizacosta14,Um Sonho de Liberdade,3.9
anamartins52,Batman: O Cavaleiro das Trevas,4.4
antoniosilva90,O Senhor dos Anéis: O Retorno do Rei,2.4
arthurgomes75,Pulp Fiction,5.9
arthurmartins97,A Lista de Schindler,5.5
beatrizoliveira47,Forrest Gump: O Contador de Histórias,8.7
benjaminrodrigues97,A Origem,9.6
bernardopereira43,Clube da Luta,1.1
brenooliveira39,O Senhor dos Anéis: A Sociedade do Anel,2.3
brunorocha29,Matrix,8.5
caiopereira60,O Resgate do Soldado Ryan,1.8
catarinadias86,Interestelar,6.5
cauasouza38,O Silêncio dos Inocentes,4.7
ceciliagomes48,Seven: Os Sete Crimes Capitais,4.3
claricerocha81,Psicose,5.4
danielmelo36,Gladiador,8.7
daviluccaalves44,O Rei Leão,2.7
davinogueira43,A Viagem de Chihiro,3.3
diegobarbosa80,O Lado Bom da Vida,4.1
eloahgomes65,Toy Story,0.2
emanuellysantos17,O Grande Lebowski,8.1
emanuelpereira33,Blade Runner: O Caçador de Androides,5.2
enzogabrielgomes26,O Iluminado,3.4
enzomartins21,De Volta para o Futuro,5.9
erickaraujo70,WALL-E,9.7
felipealves65,A Princesa Mononoke,4.0
felipesantos55,Cães de Aluguel,3.4
gabrielalima33,O Grande Hotel Budapeste,2.4
gabrielcosta46,Fargo,1.7
gabrielgoncalves30,O Artista,0.6
gusta Monteiro31,Amelie,1.5
helenacastro65,O Fabuloso Destino de Amélie Poulain,5.7
heloisacorreia17,O Lado Negro do Coração,7.1
iangomes61,Onde os Fracos Não Têm Vez,5.9
isabelacardoso59,Os Suspeitos,8.3
isabellyaraujo44,Trainspotting: Sem Limites,3.9
isadorapereira88,O Vôo da Fênix,1.0
joaoalmeida99,Closer: Perto Demais,8.0
joaogabrielpinto48,O Labirinto do Fauno,3.9
joaolucaspereira90,A Casa do Lago,5.5
joaomigueldias66,Os Intocáveis,8.1
joaopedrosouza85,Os Infiltrados,0.7
joaovitoralmeida13,O Exorcista,8.2
joaquimsantos13,A Profecia,8.2
juliasilva53,L.A. Confidential: Cidade Proibida,0.8
larissacunha86,Oldboy,4.4
lauracunha92,Casablanca,3.7
leonardocosta18,E.T.: O Extraterrestre,4.5
liviacosta17,Brilho Eterno de uma Mente sem Lembranças,6.8
lorenacardoso97,A Ponte do Rio Kwai,4.6
luccacastro84,Taxi Driver,5.6
luizfelipecosta58,O Poderoso Chefão,1.5
luizfernandooliveira60,Um Sonho de Liberdade,0.7
luizgustavoribeiro55,Batman: O Cavaleiro das Trevas,2.8
luizhenriquecunha72,O Senhor dos Anéis: O Retorno do Rei,3.2
luizmiguelalves17,Pulp Fiction,7.8
luizotaviocavalcanti11,A Lista de Schindler,5.6
manuelaoliveira79,Forrest Gump: O Contador de Histórias,8.9
marcelocunha49,A Origem,6.4
marcosviniciuslima16,Clube da Luta,5.7
mariaclaracorreia28,O Senhor dos Anéis: A Sociedade do Anel,0.1
mariaeduardamartins54,Matrix,6.0
mariafernandacosta84,O Resgate do Soldado Ryan,7.4
mariajuliacunha80,Interestelar,2.2
marianagomes47,O Silêncio dos Inocentes,8.2
mariasophiaferreira93,Seven: Os Sete Crimes Capitais,5.8
matheuslima93,Psicose,1.3
melissacavalcanti11,Gladiador,5.3
miguelribeiro94,O Rei Leão,7.3
miguelsilva15,A Viagem de Chihiro,3.9
murilosantos26,O Lado Bom da Vida,1.1
nathanrodrigues89,Toy Story,6.9
nicolegoncalves64,O Grande Lebowski,2.9
oliviasantos88,Blade Runner: O Caçador de Androides,0.3
pedrohenriquecunha20,O Iluminado,5.5
